type_habit,prix,adresse,image_lien
Set de baptême,15000,"Dakar, Sénégal",https://images.coinafrique.com/thumb_3038303_uploaded_image1_1617474759.jpg
Ensemble enfants,15000,"Mermoz-Sacré Coeur, Dakar, Sénégal",https://images.coinafrique.com/thumb_3038014_uploaded_image1_1617463542.jpg
Vêtements enfants,15000,"Mermoz-Sacré Coeur, Dakar, Sénégal",https://images.coinafrique.com/thumb_3038010_uploaded_image1_1617463363.jpg
Ensemble enfant,15000,"Mermoz-Sacré Coeur, Dakar, Sénégal",https://images.coinafrique.com/thumb_3037998_uploaded_image1_1617463131.jpg
Grenouillère,1000,"Ouakam, Dakar, Sénégal",https://images.coinafrique.com/thumb_3037698_uploaded_image1_1617454183.jpg
Body enfant,500,"Ouakam, Dakar, Sénégal",https://images.coinafrique.com/thumb_3037697_uploaded_image1_1617454125.jpg
Ensembles enfant + chapeau,1500,"Ouakam, Dakar, Sénégal",https://images.coinafrique.com/thumb_3037692_uploaded_image1_1617454021.jpg
Ensemble enfant,2500,"Ouakam, Dakar, Sénégal",https://images.coinafrique.com/thumb_3037689_uploaded_image1_1617453933.jpg
Ensemble bébé,9000,"HLM, Dakar, Sénégal",https://images.coinafrique.com/thumb_3035855_uploaded_image1_1617379859.jpg
Ensemble blouson enfant,8000,"Parcelle Assainies, Dakar, Sénégal",https://images.coinafrique.com/thumb_3035799_uploaded_image2_1617378839.jpeg
Barboteuse,1000,"Ouakam, Dakar, Sénégal",https://images.coinafrique.com/thumb_3033102_uploaded_image1_1617286526.jpg
Ensemble enfant,2000,"Ouakam, Dakar, Sénégal",https://images.coinafrique.com/thumb_3033057_uploaded_image1_1617285824.jpg
Robe fille,11500,"HLM, Dakar, Sénégal",https://images.coinafrique.com/thumb_3032229_uploaded_image1_1617269385.jpg
Ensemble bébé,6000,"HLM, Dakar, Sénégal",https://images.coinafrique.com/thumb_3032224_uploaded_image1_1617269304.jpg
Ensemble pour bébé,9500,"HLM, Dakar, Sénégal",https://images.coinafrique.com/thumb_3024581_uploaded_image1_1616870758.jpg
Vêtements pour enfant de 0 à 13ans,0,"Dakar, Sénégal",https://images.coinafrique.com/thumb_3019124_uploaded_image1_1616606467.jpg
Ensemble chemise - pantalon enfant,2000,"Colobane, Dakar, Sénégal",https://images.coinafrique.com/thumb_3017358_uploaded_image1_1616523355.jpg
Pantalon jeans enfants,2000,"Colobane, Dakar, Sénégal",https://images.coinafrique.com/thumb_3017355_uploaded_image1_1616523288.jpg
Vêtements enfant,3000,"Mermoz-Sacré Coeur, Dakar, Sénégal",https://images.coinafrique.com/thumb_3013660_uploaded_image1_1616353788.jpg
Vêtements bébé,3500,"Mermoz-Sacré Coeur, Dakar, Sénégal",https://images.coinafrique.com/thumb_3013647_uploaded_image1_1616353124.jpg
Pantalon jeans friperie enfants,6000,"Colobane, Dakar, Sénégal",https://images.coinafrique.com/thumb_3012395_uploaded_image1_1616265641.jpg
Ensemble chemise - pantalon jeans friperie,5000,"Colobane, Dakar, Sénégal",https://images.coinafrique.com/thumb_3012391_uploaded_image1_1616265553.jpg
Pantalon jeans friperie,3000,"Colobane, Dakar, Sénégal",https://images.coinafrique.com/thumb_3012387_uploaded_image1_1616265415.jpg
Grenouillère bébé,0,"HLM, Dakar, Sénégal",https://images.coinafrique.com/thumb_3008320_uploaded_image1_1616068246.jpg
Lot de vêtements friperie de 0 à 12ans,0,"Dakar, Sénégal",https://images.coinafrique.com/thumb_3000888_uploaded_image1_1615698089.jpg
Ensemble maillots enfants,8000,"Dieuppeul-Derklé, Dakar, Sénégal",https://images.coinafrique.com/thumb_2997124_uploaded_image1_1615491439.jpg
Robes filles,15000,"Parcelle Assainies, Dakar, Sénégal",https://images.coinafrique.com/thumb_2991324_uploaded_image1_1615228431.jpg
Vêtements  bébé,5000,"Grand Yoff, Dakar, Sénégal",https://images.coinafrique.com/thumb_2983859_uploaded_image1_1614848831.jpg
Vêtements enfants,0,"Dieuppeul-Derklé, Dakar, Sénégal",https://images.coinafrique.com/thumb_2981375_uploaded_image1_1614732549.jpg
Vêtements enfants,0,"Patte d'oie, Dakar, Sénégal",https://images.coinafrique.com/thumb_2979283_uploaded_image1_1614675070.jpg
Vêtements bébé,7000,"Hann Bel-Air, Dakar, Sénégal",https://images.coinafrique.com/thumb_2971081_uploaded_image1_1614264447.jpg
Caleçon enfant,1500,"Fass, Dakar, Sénégal",https://images.coinafrique.com/thumb_2970911_uploaded_image1_1614259523.jpg
Ensemble enfant,5000,"HLM, Dakar, Sénégal",https://images.coinafrique.com/thumb_2970729_uploaded_image1_1614253943.jpg
Vêtements enfants,0,"Ouakam, Dakar, Sénégal",https://images.coinafrique.com/thumb_2961090_uploaded_image1_1613766742.jpg
Vêtements bébé,0,"Ouakam, Dakar, Sénégal",https://images.coinafrique.com/thumb_2961086_uploaded_image1_1613766640.jpg
Vêtements enfants,0,"Ouakam, Dakar, Sénégal",https://images.coinafrique.com/thumb_2961083_uploaded_image1_1613766533.jpg
Vêtements pour nouveau né,0,"Ouakam, Dakar, Sénégal",https://images.coinafrique.com/thumb_2959262_uploaded_image1_1613679806.jpg
Vêtements enfants,0,"Ouakam, Dakar, Sénégal",https://images.coinafrique.com/thumb_2959258_uploaded_image1_1613679707.jpg
Vêtements nouveau-né,0,"Ouakam, Dakar, Sénégal",https://images.coinafrique.com/thumb_2959257_uploaded_image1_1613679631.jpg
Vêtements  bébé,0,"Ouakam, Dakar, Sénégal",https://images.coinafrique.com/thumb_2959255_uploaded_image1_1613679558.jpg
Vêtements bébé,0,"Ouakam, Dakar, Sénégal",https://images.coinafrique.com/thumb_2959248_uploaded_image2_1613679445.jpeg
Kit de prière pour garçon,20000,"Dakar, Sénégal",https://images.coinafrique.com/thumb_2959193_uploaded_image1_1613676990.jpg
Kit de prière pour fille,20000,"Dakar, Sénégal",https://images.coinafrique.com/thumb_2959180_uploaded_image1_1613676547.jpg
Vêtements bébé,3000,"Dakar, Sénégal",https://images.coinafrique.com/thumb_2958974_uploaded_image1_1613669656.jpg
Vêtement bébé,3000,"Dakar, Sénégal",https://images.coinafrique.com/thumb_2958970_uploaded_image1_1613669538.jpg
Sous vêtements fille,3500,"Dakar, Sénégal",https://images.coinafrique.com/thumb_2956441_uploaded_image1_1613569974.jpg
Robe pour filles,6000,"Dakar, Sénégal",https://images.coinafrique.com/thumb_2956437_uploaded_image1_1613569866.jpg
Ensemble enfants,10000,"Dieuppeul-Derklé, Dakar, Sénégal",https://images.coinafrique.com/thumb_2951605_uploaded_image1_1613355841.jpg
Vêtements enfants,0,"Dakar, Sénégal",https://images.coinafrique.com/thumb_2942141_uploaded_image1_1612893757.jpg
Shorts garçon,0,"Dakar, Sénégal",https://images.coinafrique.com/thumb_2940112_uploaded_image1_1612814516.jpg
Habits enfants,5000,"Dakar, Sénégal",https://images.coinafrique.com/thumb_2939878_uploaded_image1_1612807579.jpg
Vêtements friperie enfants,0,"Colobane, Dakar, Sénégal",https://images.coinafrique.com/thumb_2939012_uploaded_image1_1612783880.jpg
Vêtement enfant,2000,"Colobane, Dakar, Sénégal",https://images.coinafrique.com/thumb_2938994_uploaded_image1_1612783471.jpg
Friperie enfants,2000,"Colobane, Dakar, Sénégal",https://images.coinafrique.com/thumb_2938990_uploaded_image1_1612783368.jpg
Vêtements friperie enfants,1500,"Colobane, Dakar, Sénégal",https://images.coinafrique.com/thumb_2938986_uploaded_image1_1612783292.jpg
Friperie enfants,0,"Colobane, Dakar, Sénégal",https://images.coinafrique.com/thumb_2938981_uploaded_image1_1612783153.jpg
Vêtement enfants,0,"Colobane, Dakar, Sénégal",https://images.coinafrique.com/thumb_2938979_uploaded_image1_1612783091.jpg
Vêtement enfant,3000,"Colobane, Dakar, Sénégal",https://images.coinafrique.com/thumb_2938975_uploaded_image1_1612782982.jpg
Vêtement enfants,3000,"Colobane, Dakar, Sénégal",https://images.coinafrique.com/thumb_2938684_uploaded_image1_1612774217.jpg
Vêtement enfants,2500,"Colobane, Dakar, Sénégal",https://images.coinafrique.com/thumb_2938680_uploaded_image1_1612774159.jpg
Vêtements enfant,0,"Colobane, Dakar, Sénégal",https://images.coinafrique.com/thumb_2938653_uploaded_image1_1612773067.jpg
Ensembles enfant,0,"Dieuppeul-Derklé, Dakar, Sénégal",https://images.coinafrique.com/thumb_2933246_uploaded_image1_1612515788.jpg
Vêtements enfants,6000,"Dakar, Sénégal",https://images.coinafrique.com/thumb_2925176_uploaded_image1_1612218065.jpg
Ensembles blouson enfants,0,"Dieuppeul-Derklé, Dakar, Sénégal",https://images.coinafrique.com/thumb_2923009_uploaded_image1_1612168840.jpg
Ensemble bébé sortie de bain,8000,"HLM, Dakar, Sénégal",https://images.coinafrique.com/thumb_2920795_uploaded_image1_1612023107.jpg
Ensembles blousons,0,"Dieuppeul-Derklé, Dakar, Sénégal",https://images.coinafrique.com/thumb_2919804_uploaded_image1_1611967516.jpg
Ensemble bébé,4000,"HLM, Dakar, Sénégal",https://images.coinafrique.com/thumb_2913239_uploaded_image1_1611677309.jpg
Vêtement enfant,2000,"Dakar, Sénégal",https://images.coinafrique.com/thumb_2904738_uploaded_image1_1611251495.jpg
Vêtement enfant,3000,"Dakar, Sénégal",https://images.coinafrique.com/thumb_2904731_uploaded_image1_1611251346.jpg
Tenue mardi gras,5000,"Saly, Sénégal",https://images.coinafrique.com/thumb_2904713_uploaded_image1_1611250923.jpg
Pull,8500,"Dakar, Sénégal",https://images.coinafrique.com/thumb_2898864_uploaded_image1_1611023219.jpg
Ensemble veste,15000,"HLM, Dakar, Sénégal",https://images.coinafrique.com/thumb_2894368_uploaded_image1_1610800978.jpg
Ensemble de fille,11000,"Grand Yoff, Dakar, Sénégal",https://images.coinafrique.com/thumb_2879908_uploaded_image1_1610201702.jpg
Ensemble de fille nouveau né,10000,"Grand Yoff, Dakar, Sénégal",https://images.coinafrique.com/thumb_2879903_uploaded_image1_1610201519.jpg
Ensembles blousons,12000,"Dieuppeul-Derklé, Dakar, Sénégal",https://images.coinafrique.com/thumb_2877447_uploaded_image1_1610105451.jpg
Tenue mardi gras,2000,"Saly, Sénégal",https://images.coinafrique.com/thumb_2862996_uploaded_image1_1609531083.jpg
Tenue mardi gras,7000,"Saly, Sénégal",https://images.coinafrique.com/thumb_2862982_uploaded_image1_1609530664.jpg
Tenue mardi gras,5000,"Saly, Sénégal",https://images.coinafrique.com/thumb_2862977_uploaded_image1_1609530409.jpg
Tenue mardi gras,5000,"Saly, Sénégal",https://images.coinafrique.com/thumb_2862973_uploaded_image1_1609530217.jpg
Tenues mardi gras,8000,"Mbour, Sénégal",https://images.coinafrique.com/thumb_2862971_uploaded_image1_1609530110.jpg
Ensemble blouson-pantalon,12000,"Dieuppeul-Derklé, Dakar, Sénégal",https://images.coinafrique.com/thumb_2855625_uploaded_image1_1609119933.jpg
Ensemble blouson-pantalon,12000,"Dieuppeul-Derklé, Dakar, Sénégal",https://images.coinafrique.com/thumb_2855622_uploaded_image1_1609119638.jpg
Vêtements enfants,7000,"Parcelle Assainies, Dakar, Sénégal",https://images.coinafrique.com/thumb_2851844_uploaded_image1_1608894466.jpg
Robe enfant,0,"Rufisque, Sénégal",https://images.coinafrique.com/thumb_2850857_uploaded_image1_1608821060.jpg
Jeans friperie enfants,2000,"Colobane, Dakar, Sénégal",https://images.coinafrique.com/thumb_3174207_uploaded_image1_1623782291.jpg
Jeans de friperie,2000,"Colobane, Dakar, Sénégal",https://images.coinafrique.com/thumb_3174201_uploaded_image1_1623782246.jpg
Ensemble chemises + pantalon friperie enfants,3000,"Colobane, Dakar, Sénégal",https://images.coinafrique.com/thumb_3174199_uploaded_image2_1623782190.jpeg
Robe fillette,7000,"Cambérène, Dakar, Sénégal",https://images.coinafrique.com/thumb_3172225_uploaded_image1_1623704262.jpg
Vêtements enfants,4000,"Dakar, Sénégal",https://images.coinafrique.com/thumb_3163009_uploaded_image1_1623254458.jpg
Vêtement enfant,30000,"Toubab Dialao, Sénégal",https://images.coinafrique.com/thumb_3160326_uploaded_image1_1623155200.jpg
Ensemble bébé été,5500,"Grand Yoff, Dakar, Sénégal",https://images.coinafrique.com/thumb_3156533_uploaded_image1_1622995117.jpg
Ensemble été avec bavoir bébé,5500,"Grand Yoff, Dakar, Sénégal",https://images.coinafrique.com/thumb_3156529_uploaded_image1_1622995007.jpg
Ensemble bébé,4000,"HLM, Dakar, Sénégal",https://images.coinafrique.com/thumb_3153951_uploaded_image1_1622847447.jpg
Robe  enfant,15000,"Mbao, Dakar, Sénégal",https://images.coinafrique.com/thumb_3147894_uploaded_image1_1622636034.jpg
Vêtement enfant,1500,"Colobane, Dakar, Sénégal",https://images.coinafrique.com/thumb_3138756_uploaded_image2_1622223312.jpeg
Vêtements enfants,1500,"Colobane, Dakar, Sénégal",https://images.coinafrique.com/thumb_3138754_uploaded_image1_1622223222.jpg
Vêtement enfant,1500,"Colobane, Dakar, Sénégal",https://images.coinafrique.com/thumb_3138750_uploaded_image1_1622223144.jpg
Vêtement enfant,0,"Colobane, Dakar, Sénégal",https://images.coinafrique.com/thumb_3138747_uploaded_image1_1622223048.jpg
Ensemble  pour garçon,4000,"HLM, Dakar, Sénégal",https://images.coinafrique.com/thumb_3137963_uploaded_image1_1622193150.jpg
Chemises garçon,7000,"Dakar Plateau, Dakar, Sénégal",https://images.coinafrique.com/thumb_3125676_uploaded_image1_1621537910.jpg
Robes enfants,7000,"Dakar Plateau, Dakar, Sénégal",https://images.coinafrique.com/thumb_3125619_uploaded_image1_1621534794.jpg
Robe pour enfants,15000,"Dieuppeul-Derklé, Dakar, Sénégal",https://images.coinafrique.com/thumb_3117591_uploaded_image2_1621167673.jpeg
Robe enfant,20000,"Guediawaye, Dakar, Sénégal",https://images.coinafrique.com/thumb_3113417_uploaded_image1_1620899489.jpg
Robe,15000,"Biscuiterie, Dakar, Sénégal",https://images.coinafrique.com/thumb_3110386_uploaded_image1_1620737846.jpg
Robe,15000,"Biscuiterie, Dakar, Sénégal",https://images.coinafrique.com/thumb_3110145_uploaded_image1_1620730955.jpg
Robe princesse,5000,"Almadies, Dakar, Sénégal",https://images.coinafrique.com/thumb_3106812_uploaded_image1_1620581452.jpg
Robe bazin riche brodé fait main,15000,"Biscuiterie, Dakar, Sénégal",https://images.coinafrique.com/thumb_3106119_uploaded_image1_1620547487.jpg
Vêtements friperie enfants,0,"Colobane, Dakar, Sénégal",https://images.coinafrique.com/thumb_3104022_uploaded_image1_1620427612.jpg
Vêtements enfants friperie,0,"Colobane, Dakar, Sénégal",https://images.coinafrique.com/thumb_3104018_uploaded_image1_1620427485.jpg
Vêtements enfants,12000,"Dakar, Sénégal",https://images.coinafrique.com/thumb_3103497_uploaded_image1_1620407250.jpg
Vêtements enfants,0,"Parcelle Assainies, Dakar, Sénégal",https://images.coinafrique.com/thumb_3101212_uploaded_image1_1620313045.jpg
Prêt à porter enfants,10000,"HLM, Dakar, Sénégal",https://images.coinafrique.com/thumb_3100941_uploaded_image1_1620306624.jpg
Vêtements enfant,0,"Geule Tapée, Dakar, Sénégal",https://images.coinafrique.com/thumb_3100042_uploaded_image1_1620266770.jpg
Robe pour bébé,0,"Grand Yoff, Dakar, Sénégal",https://images.coinafrique.com/thumb_3098724_uploaded_image1_1620219131.jpg
Ensemble enfants,0,"Dakar, Sénégal",https://images.coinafrique.com/thumb_3098344_uploaded_image1_1620209550.jpg
Robes enfant,0,"Dakar, Sénégal",https://images.coinafrique.com/thumb_3098340_uploaded_image1_1620209467.jpg
Ensembles enfants,0,"Dakar, Sénégal",https://images.coinafrique.com/thumb_3097531_uploaded_image1_1620165477.jpg
Robes enfants,0,"Dakar, Sénégal",https://images.coinafrique.com/thumb_3097522_uploaded_image1_1620165342.jpg
Robes enfants,0,"Dakar, Sénégal",https://images.coinafrique.com/thumb_3097519_uploaded_image1_1620165230.jpg
Ensembles pour enfants,0,"Dakar, Sénégal",https://images.coinafrique.com/thumb_3097512_uploaded_image1_1620164877.jpg
Bazin riche avec broderie,18000,"Yoff, Dakar, Sénégal",https://images.coinafrique.com/thumb_3092548_uploaded_image1_1619979222.jpg
Robe enfant,8000,"Dakar, Sénégal",https://images.coinafrique.com/thumb_3091601_uploaded_image1_1619937730.jpg
Vêtements Enfants,7000,"Dakar, Sénégal",https://images.coinafrique.com/thumb_3091599_uploaded_image3_1619937608.jpeg
Ensemble enfant,10000,"Dakar, Sénégal",https://images.coinafrique.com/thumb_3091597_uploaded_image1_1619937516.jpg
Polo Enfant,10000,"Dakar, Sénégal",https://images.coinafrique.com/thumb_3091593_uploaded_image1_1619937425.jpg
Ensemble enfant,10000,"Dakar, Sénégal",https://images.coinafrique.com/thumb_3091582_uploaded_image1_1619937100.jpg
Robes enfant,10000,"Dakar Plateau, Dakar, Sénégal",https://images.coinafrique.com/thumb_3091576_uploaded_image1_1619936893.jpg
Vêtements Enfants,0,"Dakar, Sénégal",https://images.coinafrique.com/thumb_3091356_uploaded_image1_1619918393.jpg
Vêtements Enfants,3500,"Dakar, Sénégal",https://images.coinafrique.com/thumb_3091353_uploaded_image1_1619918261.jpg
Pantalons jeans enfants,6000,"Dakar, Sénégal",https://images.coinafrique.com/thumb_3091181_uploaded_image1_1619912235.jpg
Ensemble petit garçon,0,"Parcelle Assainies, Dakar, Sénégal",https://images.coinafrique.com/thumb_3088972_uploaded_image1_1619825459.jpg
Robe enfant,0,"Les Parcelles Assainies, Dakar, Sénégal",https://images.coinafrique.com/thumb_3088723_uploaded_image1_1619814031.jpg
Tunique enfant,0,"Rufisque, Sénégal",https://images.coinafrique.com/thumb_3087733_uploaded_image1_1619763855.jpg
Vêtements friperie enfants,1000,"Grand Yoff, Dakar, Sénégal",https://images.coinafrique.com/thumb_3087186_uploaded_image1_1619724786.jpg
Chemise enfant,2500,"Colobane, Dakar, Sénégal",https://images.coinafrique.com/thumb_3086775_uploaded_image1_1619710616.jpg
Vêtement enfants,2500,"Colobane, Dakar, Sénégal",https://images.coinafrique.com/thumb_3086774_uploaded_image1_1619710562.jpg
Chemise enfant,2500,"Colobane, Dakar, Sénégal",https://images.coinafrique.com/thumb_3086770_uploaded_image1_1619710501.jpg
Robe fillette,0,"Rufisque, Sénégal",https://images.coinafrique.com/thumb_3086234_uploaded_image1_1619695623.jpg
Robe fillette,0,"Rufisque, Sénégal",https://images.coinafrique.com/thumb_3086230_uploaded_image1_1619695571.jpg
Robe fillette,0,"Rufisque, Sénégal",https://images.coinafrique.com/thumb_3086229_uploaded_image1_1619695508.jpg
Robe fillette,0,"Rufisque, Sénégal",https://images.coinafrique.com/thumb_3086225_uploaded_image1_1619695446.jpg
Robe fillette,0,"Rufisque, Sénégal",https://images.coinafrique.com/thumb_3086220_uploaded_image1_1619695388.jpg
Robe fillette,0,"Rufisque, Sénégal",https://images.coinafrique.com/thumb_3083787_uploaded_image1_1619562155.jpg
Ensemble enfants,1300,"Dakar, Sénégal",https://images.coinafrique.com/thumb_3083311_uploaded_image1_1619543622.jpg
Vêtements enfants,10000,"Rufisque, Sénégal",https://images.coinafrique.com/thumb_3079390_uploaded_image3_1619366149.jpeg
Boxer enfant,6500,"Parcelle Assainies, Dakar, Sénégal",https://images.coinafrique.com/thumb_3077069_uploaded_image1_1619214743.jpg
Ensemble fille,2000,"Sicap Liberté, Dakar, Sénégal",https://images.coinafrique.com/thumb_3072126_uploaded_image1_1619012521.jpg
Ensemble fille,2000,"Sicap Liberté, Dakar, Sénégal",https://images.coinafrique.com/thumb_3072113_uploaded_image1_1619012309.jpg
Vêtements enfant,15000,"Parcelle Assainies, Dakar, Sénégal",https://images.coinafrique.com/thumb_3067708_uploaded_image1_1618829674.jpg
Body bébé,10000,"Rufisque, Sénégal",https://images.coinafrique.com/thumb_3067317_uploaded_image1_1618813231.jpg
Grenouillère bébé,3000,"Rufisque, Sénégal",https://images.coinafrique.com/thumb_3067315_uploaded_image1_1618813047.jpg
Ensemble enfant,7000,"HLM, Dakar, Sénégal",https://images.coinafrique.com/thumb_3061627_uploaded_image1_1618503756.jpg
Ensemble vêtement enfant,7000,"HLM, Dakar, Sénégal",https://images.coinafrique.com/thumb_3061615_uploaded_image1_1618503481.jpg
Ensemble bébé,7000,"HLM, Dakar, Sénégal",https://images.coinafrique.com/thumb_3061601_uploaded_image1_1618503055.jpg
Lacoste enfant,5000,"Dakar, Sénégal",https://images.coinafrique.com/thumb_3057300_uploaded_image1_1618332021.jpg
Pantalon enfant,3000,"Colobane, Dakar, Sénégal",https://images.coinafrique.com/thumb_3056602_uploaded_image1_1618315072.jpg
Vêtements enfants,3000,"Colobane, Dakar, Sénégal",https://images.coinafrique.com/thumb_3056595_uploaded_image1_1618314916.jpg
Pantalon enfant,2500,"Colobane, Dakar, Sénégal",https://images.coinafrique.com/thumb_3056588_uploaded_image1_1618314847.jpg
Robe enfant,3000,"Colobane, Dakar, Sénégal",https://images.coinafrique.com/thumb_3056583_uploaded_image1_1618314776.jpg
Robe enfant,2000,"Colobane, Dakar, Sénégal",https://images.coinafrique.com/thumb_3056578_uploaded_image1_1618314619.jpg
T-shirt enfant,2000,"Colobane, Dakar, Sénégal",https://images.coinafrique.com/thumb_3056575_uploaded_image1_1618314552.jpg
Vêtement enfant,3000,"Colobane, Dakar, Sénégal",https://images.coinafrique.com/thumb_3056574_uploaded_image1_1618314483.jpg
Ensemble blouson enfant,6500,"Dieuppeul-Derklé, Dakar, Sénégal",https://images.coinafrique.com/thumb_3053772_uploaded_image1_1618187520.jpg
T-shirt enfant,10000,"Dakar, Sénégal",https://images.coinafrique.com/thumb_3051993_uploaded_image1_1618077955.jpg
Ensemble  body et collant,2500,"Ouakam, Dakar, Sénégal",https://images.coinafrique.com/thumb_3043879_uploaded_image1_1617740872.jpg
Vêtements enfants,500,"Ouakam, Dakar, Sénégal",https://images.coinafrique.com/thumb_3041195_uploaded_image1_1617633853.jpg
Vêtements enfants,1000,"Ouakam, Dakar, Sénégal",https://images.coinafrique.com/thumb_3041189_uploaded_image1_1617633624.jpg
Ensembles pour enfants,0,"Dakar Plateau, Dakar, Sénégal",https://images.coinafrique.com/thumb_3038305_uploaded_image1_1617474792.jpg
Vêtement enfant,0,"HLM, Dakar, Sénégal",https://images.coinafrique.com/thumb_3438481_uploaded_image1_1636971503.jpg
Combinaison surf pour enfant,8000,"Dakar, Sénégal",https://images.coinafrique.com/thumb_3420805_uploaded_image1_1636035011.jpg
Ensemble enfant,13500,"Dakar, Sénégal",https://images.coinafrique.com/thumb_3416581_uploaded_image1_1635864100.jpg
Blouson Poir Pour Enfant,8000,"Dakar Plateau, Dakar, Sénégal",https://images.coinafrique.com/thumb_3414761_uploaded_image1_1635795193.jpg
Caleçons coton enfant -  12 pièces,6500,"Dakar, Sénégal",https://images.coinafrique.com/thumb_3412103_uploaded_image1_1635684897.jpg
Robe de princesse,30000,"Patte d'oie, Dakar, Sénégal",https://images.coinafrique.com/thumb_3410760_uploaded_image1_1635583935.jpg
Ensemble garçon,15000,"Grand Yoff, Dakar, Sénégal",https://images.coinafrique.com/thumb_3405987_uploaded_image1_1635327202.jpg
Robes enfant,15000,"Grand Yoff, Dakar, Sénégal",https://images.coinafrique.com/thumb_3405969_uploaded_image1_1635326776.jpg
Vêtements enfants,0,"Mbao, Dakar, Sénégal",https://images.coinafrique.com/thumb_3404857_uploaded_image1_1635260273.jpg
Vêtements enfants,0,"Mermoz-Sacré Coeur, Dakar, Sénégal",https://images.coinafrique.com/thumb_3404666_uploaded_image1_1635254147.jpg
Robe de princesse,10000,"Patte d'oie, Dakar, Sénégal",https://images.coinafrique.com/thumb_3401212_uploaded_image1_1635078924.jpg
Robe de princesse,10000,"Patte d'oie, Dakar, Sénégal",https://images.coinafrique.com/thumb_3401211_uploaded_image1_1635078841.jpg
Vêtement bébé,0,"HLM, Dakar, Sénégal",https://images.coinafrique.com/thumb_3398130_uploaded_image1_1634894756.jpg
Vêtement bébé,3500,"HLM, Dakar, Sénégal",https://images.coinafrique.com/thumb_3396665_uploaded_image1_1634813452.jpg
Ensemble bébé,7000,"HLM, Dakar, Sénégal",https://images.coinafrique.com/thumb_3396563_uploaded_image1_1634810875.jpg
Grenouillère bébé,6000,"HLM, Dakar, Sénégal",https://images.coinafrique.com/thumb_3374507_uploaded_image1_1633645210.jpg
Articles bébés,0,"HLM, Dakar, Sénégal",https://images.coinafrique.com/thumb_3395767_uploaded_image1_1634755870.jpg
Robe bébé,1000,"HLM, Dakar, Sénégal",https://images.coinafrique.com/thumb_3395494_uploaded_image1_1634745752.jpg
Vêtement bébé,1000,"HLM, Dakar, Sénégal",https://images.coinafrique.com/thumb_3395485_uploaded_image3_1634745594.jpeg
Vêtements enfants,2000,"HLM, Dakar, Sénégal",https://images.coinafrique.com/thumb_3395480_uploaded_image1_1634745484.jpg
Grenouillère bébé,0,"HLM, Dakar, Sénégal",https://images.coinafrique.com/thumb_3340891_uploaded_image1_1631956848.jpg
Grenouillère bébé,0,"HLM, Dakar, Sénégal",https://images.coinafrique.com/thumb_3340897_uploaded_image1_1631956928.jpg
Vêtements enfant,0,"Ouakam, Dakar, Sénégal",https://images.coinafrique.com/thumb_3384909_uploaded_image1_1634171727.jpg
Short de friperie enfants,0,"Colobane, Dakar, Sénégal",https://images.coinafrique.com/thumb_3365569_uploaded_image1_1633264344.jpg
Jeans de friperie enfants,0,"Colobane, Dakar, Sénégal",https://images.coinafrique.com/thumb_3365568_uploaded_image1_1633264290.jpg
Jeans de friperie enfants,0,"Colobane, Dakar, Sénégal",https://images.coinafrique.com/thumb_3365566_uploaded_image1_1633264236.jpg
Jeans de friperie enfants,0,"Colobane, Dakar, Sénégal",https://images.coinafrique.com/thumb_3365564_uploaded_image1_1633264163.jpg
Short de friperie,0,"Colobane, Dakar, Sénégal",https://images.coinafrique.com/thumb_3365562_uploaded_image1_1633264117.jpg
Caleçon enfant,0,"Mermoz-Sacré Coeur, Dakar, Sénégal",https://images.coinafrique.com/thumb_3347857_uploaded_image1_1632316849.jpg
Tee-shirt enfant,4000,"Tambacounda, Sénégal",https://images.coinafrique.com/thumb_3344999_uploaded_image1_1632183344.jpg
Ensemble pour bébé,0,"Mermoz-Sacré Coeur, Dakar, Sénégal",https://images.coinafrique.com/thumb_3342098_uploaded_image1_1632007227.jpg
Vêtements enfant,4000,"Mermoz-Sacré Coeur, Dakar, Sénégal",https://images.coinafrique.com/thumb_3339695_uploaded_image1_1631884032.jpg
Robe enfant,0,"Dakar, Sénégal",https://images.coinafrique.com/thumb_3338087_uploaded_image1_1631803844.jpg
Pantalon enfant,5000,"Mermoz-Sacré Coeur, Dakar, Sénégal",https://images.coinafrique.com/thumb_3334446_uploaded_image1_1631630022.jpg
Pantalon enfant,5000,"Mermoz-Sacré Coeur, Dakar, Sénégal",https://images.coinafrique.com/thumb_3334439_uploaded_image1_1631629866.jpg
Vêtements enfants,0,"Dakar, Sénégal",https://images.coinafrique.com/thumb_3330818_uploaded_image1_1631454754.jpg
Maillot enfant,0,"Dakar, Sénégal",https://images.coinafrique.com/thumb_3323046_uploaded_image1_1631093504.jpg
Hijab  enfant,1500,"Sicap Liberté, Dakar, Sénégal",https://images.coinafrique.com/thumb_3319762_uploaded_image1_1630942932.jpg
Ensemble garçon,15000,"Dakar, Sénégal",https://images.coinafrique.com/thumb_3312390_uploaded_image1_1630601676.jpg
Ensemble garçon,10000,"Dakar, Sénégal",https://images.coinafrique.com/thumb_3312388_uploaded_image1_1630601614.jpg
Ensemble   garçon,15000,"Dakar, Sénégal",https://images.coinafrique.com/thumb_3312381_uploaded_image1_1630601429.jpg
Ensemble costume garçon,22500,"Dakar, Sénégal",https://images.coinafrique.com/thumb_3312379_uploaded_image1_1630601374.jpg
Robes,6000,"Grand Yoff, Dakar, Sénégal",https://images.coinafrique.com/thumb_3309778_uploaded_image1_1630514175.jpg
Robe enfant,3000,"Sicap Liberté, Dakar, Sénégal",https://images.coinafrique.com/thumb_3308950_uploaded_image1_1630499428.jpg
Vêtements enfant,0,"Dakar, Sénégal",https://images.coinafrique.com/thumb_3306671_uploaded_image1_1630416750.jpg
Chemises Pimkie,2500,"Colobane, Dakar, Sénégal",https://images.coinafrique.com/thumb_3303661_uploaded_image1_1630249960.jpg
Caleçons pour enfants,0,"Mermoz-Sacré Coeur, Dakar, Sénégal",https://images.coinafrique.com/thumb_3298165_uploaded_image1_1629920561.jpg
Robe wax enfant,12000,"Ngor, Dakar, Sénégal",https://images.coinafrique.com/thumb_3292897_uploaded_image1_1629649247.jpg
Robe fille,6000,"Dakar, Sénégal",https://images.coinafrique.com/thumb_3292529_uploaded_image1_1629627801.jpg
Robes fille,6000,"Dakar, Sénégal",https://images.coinafrique.com/thumb_3292525_uploaded_image1_1629627694.jpg
Ensemble 3 pièces garçon,15000,"Dakar, Sénégal",https://images.coinafrique.com/thumb_3288163_uploaded_image1_1629374065.jpg
Ensemble 3 pièces garçons,15000,"Dakar, Sénégal",https://images.coinafrique.com/thumb_3288161_uploaded_image1_1629373998.jpg
Vêtements enfant,0,"Parcelle Assainies, Dakar, Sénégal",https://images.coinafrique.com/thumb_3284080_uploaded_image1_1629189917.jpg
Vêtements friperies enfants,0,"Hann Bel-Air, Dakar, Sénégal",https://images.coinafrique.com/thumb_3269998_uploaded_image1_1628452686.jpg
Ensemble combinaison enfant 2 pièces,7000,"Grand Yoff, Dakar, Sénégal",https://images.coinafrique.com/thumb_3268417_uploaded_image1_1628359055.jpg
Robes enfant,4000,"HLM, Dakar, Sénégal",https://images.coinafrique.com/thumb_3266560_uploaded_image1_1628269772.jpg
Vêtements de friperie,0,"Hann Bel-Air, Dakar, Sénégal",https://images.coinafrique.com/thumb_3252830_uploaded_image1_1627680137.jpg
Sous vêtements enfants,0,"Keur Massar, Sénégal",https://images.coinafrique.com/thumb_3250923_uploaded_image1_1627575838.jpg
Robe enfant,12000,"Ngor, Dakar, Sénégal",https://images.coinafrique.com/thumb_3246336_uploaded_image1_1627341068.jpg
Maillot de bain enfant,5000,"Grand Yoff, Dakar, Sénégal",https://images.coinafrique.com/thumb_3243385_uploaded_image1_1627145773.jpg
Ensemble short fille,8000,"Grand Yoff, Dakar, Sénégal",https://images.coinafrique.com/thumb_3243381_uploaded_image1_1627145505.jpg
Ensemble enfants,0,"Mbao, Dakar, Sénégal",https://images.coinafrique.com/thumb_3225642_uploaded_image1_1626171489.jpg
Robe   enfant,0,"HLM, Dakar, Sénégal",https://images.coinafrique.com/thumb_3223803_uploaded_image1_1626088912.jpg
Robe enfant,0,"HLM, Dakar, Sénégal",https://images.coinafrique.com/thumb_3223798_uploaded_image1_1626088863.jpg
Robe enfant,0,"HLM, Dakar, Sénégal",https://images.coinafrique.com/thumb_3223774_uploaded_image1_1626088433.jpg
Robe enfant,3000,"Colobane, Dakar, Sénégal",https://images.coinafrique.com/thumb_3222211_uploaded_image1_1626008052.jpg
Ensemble enfant,0,"HLM, Dakar, Sénégal",https://images.coinafrique.com/thumb_3221637_uploaded_image1_1625954553.jpg
Djellaba enfant,5000,"Grand Yoff, Dakar, Sénégal",https://images.coinafrique.com/thumb_3201236_uploaded_image1_1625141023.jpg
Vêtement enfant,2500,"Ziguinchor, Sénégal",https://images.coinafrique.com/thumb_3199217_uploaded_image1_1625065031.jpg
Boubou enfant,1000,"Ziguinchor, Sénégal",https://images.coinafrique.com/thumb_3199201_uploaded_image1_1625064316.jpg
Sous-vêtement Enfant,0,"Fass, Dakar, Sénégal",https://images.coinafrique.com/thumb_3198270_uploaded_image1_1625015464.jpg
Habits bébé,0,"Mermoz-Sacré Coeur, Dakar, Sénégal",https://images.coinafrique.com/thumb_3192618_uploaded_image1_1624700331.jpg
Ensemble vêtements,0,"Parcelle Assainies, Dakar, Sénégal",https://images.coinafrique.com/thumb_3186865_uploaded_image1_1624408771.jpg
Sous vêtement enfants,5000,"Grand Yoff, Dakar, Sénégal",https://images.coinafrique.com/thumb_3186113_uploaded_image1_1624378022.jpg
T-shirt enfant,1500,"Grand Yoff, Dakar, Sénégal",https://images.coinafrique.com/thumb_3186107_uploaded_image1_1624377710.jpg
Robe pour fillette,12000,"Parcelle Assainies, Dakar, Sénégal",https://images.coinafrique.com/thumb_3178371_uploaded_image1_1623973004.jpg
Robes enfant,0,"Dakar, Sénégal",https://images.coinafrique.com/thumb_3176544_uploaded_image1_1623885930.jpg
Jeans de friperie enfant,2000,"Colobane, Dakar, Sénégal",https://images.coinafrique.com/thumb_3174226_uploaded_image1_1623782700.jpg
Robe de friperie enfants,2000,"Colobane, Dakar, Sénégal",https://images.coinafrique.com/thumb_3174224_uploaded_image1_1623782622.jpg
Robes de friperie enfants,2000,"Colobane, Dakar, Sénégal",https://images.coinafrique.com/thumb_3174220_uploaded_image1_1623782572.jpg
Robe de friperie enfants,2000,"Colobane, Dakar, Sénégal",https://images.coinafrique.com/thumb_3174219_uploaded_image1_1623782525.jpg
Ensemble enfants,3000,"Colobane, Dakar, Sénégal",https://images.coinafrique.com/thumb_3174216_uploaded_image1_1623782453.jpg
Robe de friperie - enfants,2000,"Colobane, Dakar, Sénégal",https://images.coinafrique.com/thumb_3174214_uploaded_image1_1623782405.jpg
Ensemble enfants,3000,"Colobane, Dakar, Sénégal",https://images.coinafrique.com/thumb_3174209_uploaded_image1_1623782334.jpg
Robe enfant,6000,"HLM, Dakar, Sénégal",https://images.coinafrique.com/thumb_3637675_uploaded_image3_1649089080.jpeg
Maillot Sénégal enfants,10000,"Dieuppeul-Derklé, Dakar, Sénégal",https://images.coinafrique.com/thumb_3637250_uploaded_image1_1649076487.jpg
Vêtement enfant,0,"HLM, Dakar, Sénégal",https://images.coinafrique.com/thumb_3600844_uploaded_image1_1646833560.jpg
Maillots sénégal enfants,10000,"Dakar Plateau, Dakar, Sénégal",https://images.coinafrique.com/thumb_3633429_uploaded_image1_1648859214.jpg
Robe enfant,5000,"Ouakam, Dakar, Sénégal",https://images.coinafrique.com/thumb_3628406_uploaded_image1_1648592474.jpg
Robes enfants,0,"Saint Louis, Sénégal",https://images.coinafrique.com/thumb_3625258_uploaded_image3_1648390340.jpeg
Tenue mardi gras,0,"Thies, Sénégal",https://images.coinafrique.com/thumb_3582393_uploaded_image1_1645792127.jpg
Tenue mardi gras,0,"Thies, Sénégal",https://images.coinafrique.com/thumb_3582375_uploaded_image1_1645791582.jpg
Caleçons homme,4000,"Guediawaye, Dakar, Sénégal",https://images.coinafrique.com/thumb_3620389_uploaded_image3_1648043635.jpeg
Maillots de football enfant,5000,"Colobane, Dakar, Sénégal",https://images.coinafrique.com/thumb_3616215_uploaded_image1_1647769308.jpg
Ensemble enfant,10000,"Dakar, Sénégal",https://images.coinafrique.com/thumb_3613858_uploaded_image2_1647597426.jpeg
Vêtement enfant,1000,"Sicap Liberté, Dakar, Sénégal",https://images.coinafrique.com/thumb_3608114_uploaded_image2_1647271341.jpeg
Vêtements bébé,0,"Mermoz-Sacré Coeur, Dakar, Sénégal",https://images.coinafrique.com/thumb_3606160_uploaded_image1_1647123480.jpg
Ensemble enfant,10000,"Parcelle Assainies, Dakar, Sénégal",https://images.coinafrique.com/thumb_3604777_uploaded_image1_1647030491.jpg
Peignoir personnalisé enfant,12000,"Medina, Dakar, Sénégal",https://images.coinafrique.com/thumb_3563684_uploaded_image1_1644584292.jpg
Habits enfants,8000,"Dieuppeul-Derklé, Dakar, Sénégal",https://images.coinafrique.com/thumb_3601827_uploaded_image1_1646873978.jpg
Vêtement enfant,1500,"Colobane, Dakar, Sénégal",https://images.coinafrique.com/thumb_3600538_uploaded_image1_1646825050.jpg
Vêtement enfant,2000,"Colobane, Dakar, Sénégal",https://images.coinafrique.com/thumb_3600535_uploaded_image2_1646824967.jpeg
Vêtements enfants,2000,"Colobane, Dakar, Sénégal",https://images.coinafrique.com/thumb_3600530_uploaded_image2_1646824909.jpeg
Vêtements enfants,0,"Colobane, Dakar, Sénégal",https://images.coinafrique.com/thumb_3600527_uploaded_image1_1646824864.jpg
Friperie enfants,0,"Colobane, Dakar, Sénégal",https://images.coinafrique.com/thumb_3600524_uploaded_image1_1646824802.jpg
Vêtements bébé,1500,"Yoff, Dakar, Sénégal",https://images.coinafrique.com/thumb_3599090_uploaded_image1_1646743024.jpg
Pantalon Zara enfant,5000,"Dakar, Sénégal",https://images.coinafrique.com/thumb_3598377_uploaded_image1_1646692365.jpg
Ensemble Veste enfant,15000,"Dakar, Sénégal",https://images.coinafrique.com/thumb_3594235_uploaded_image1_1646433088.jpg
Vêtement bébé,10000,"Keur Massar, Sénégal",https://images.coinafrique.com/thumb_3588188_uploaded_image1_1646153533.jpg
Vêtement bébé,10000,"Keur Massar, Sénégal",https://images.coinafrique.com/thumb_3588178_uploaded_image1_1646153368.jpg
Maillot enfant,8000,"Dieuppeul-Derklé, Dakar, Sénégal",https://images.coinafrique.com/thumb_3585164_uploaded_image1_1645997873.jpg
Peignoirs enfants,12000,"Dakar Plateau, Dakar, Sénégal",https://images.coinafrique.com/thumb_3584341_uploaded_image1_1645920047.jpg
Ensemble tenu mardi Gras,20000,"Dieuppeul-Derklé, Dakar, Sénégal",https://images.coinafrique.com/thumb_3582459_uploaded_image1_1645794121.jpg
Vêtement bébé,4500,"Dakar Plateau, Dakar, Sénégal",https://images.coinafrique.com/thumb_3568689_uploaded_image1_1644934911.jpg
Maillot football enfants - Sénégal,8000,"Dieuppeul-Derklé, Dakar, Sénégal",https://images.coinafrique.com/thumb_3566348_uploaded_image3_1644775694.jpeg
Abaya,15000,"Dakar, Sénégal",https://images.coinafrique.com/thumb_3560017_uploaded_image1_1644370671.jpg
Sous vêtements enfant,0,"Mermoz-Sacré Coeur, Dakar, Sénégal",https://images.coinafrique.com/thumb_3552570_uploaded_image1_1643898522.jpg
Vêtements enfant  3-6 mois,12500,"Mermoz-Sacré Coeur, Dakar, Sénégal",https://images.coinafrique.com/thumb_3550527_uploaded_image1_1643810579.jpg
Vêtement enfant,9900,"Mermoz-Sacré Coeur, Dakar, Sénégal",https://images.coinafrique.com/thumb_3550501_uploaded_image1_1643809792.jpg
Ensemble pour bébé,18000,"Keur Massar, Sénégal",https://images.coinafrique.com/thumb_3550411_uploaded_image3_1643807273.jpeg
Ensemble fillette,8500,"Guediawaye, Dakar, Sénégal",https://images.coinafrique.com/thumb_3549965_uploaded_image1_1643796780.jpg
Vêtement enfant,12000,"Guediawaye, Dakar, Sénégal",https://images.coinafrique.com/thumb_3549957_uploaded_image1_1643796504.jpg
Vêtement Mardi-gras,20000,"Dakar, Sénégal",https://images.coinafrique.com/thumb_3547360_uploaded_image1_1643703487.jpg
Manteau fille,10000,"Dakar, Sénégal",https://images.coinafrique.com/thumb_3546701_uploaded_image1_1643659342.jpg
Pull bébé,6000,"Dakar, Sénégal",https://images.coinafrique.com/thumb_3546662_uploaded_image1_1643656828.jpg
Robe bébé crochet,10000,"Dakar, Sénégal",https://images.coinafrique.com/thumb_3546633_uploaded_image1_1643655713.jpg
Blouson enfant,7000,"Dakar Plateau, Dakar, Sénégal",https://images.coinafrique.com/thumb_3538747_uploaded_image1_1643124842.jpg
Ensemble enfant,0,"Colobane, Dakar, Sénégal",https://images.coinafrique.com/thumb_3536216_uploaded_image1_1642943146.jpg
Robe,25000,"Patte d'oie, Dakar, Sénégal",https://images.coinafrique.com/thumb_3534704_uploaded_image1_1642807674.jpg
Robe enfant,25000,"Patte d'oie, Dakar, Sénégal",https://images.coinafrique.com/thumb_3534701_uploaded_image1_1642807591.jpg
Robe,25000,"Patte d'oie, Dakar, Sénégal",https://images.coinafrique.com/thumb_3534698_uploaded_image1_1642807515.jpg
Ensemble enfant,0,"Colobane, Dakar, Sénégal",https://images.coinafrique.com/thumb_3527123_uploaded_image1_1642357733.jpg
Pantalon enfant,0,"Colobane, Dakar, Sénégal",https://images.coinafrique.com/thumb_3527122_uploaded_image1_1642357621.jpg
Ensemble enfant,0,"Colobane, Dakar, Sénégal",https://images.coinafrique.com/thumb_3527120_uploaded_image1_1642357377.jpg
Boxer fille,8000,"Parcelle Assainies, Dakar, Sénégal",https://images.coinafrique.com/thumb_3516974_uploaded_image1_1641760222.jpg
Caleçons boxers enfants,8000,"Parcelle Assainies, Dakar, Sénégal",https://images.coinafrique.com/thumb_3516897_uploaded_image1_1641755817.jpg
Tenue fillette,8500,"Guediawaye, Dakar, Sénégal",https://images.coinafrique.com/thumb_3516300_uploaded_image1_1641719011.jpg
Ensemble garçon,13500,"Guediawaye, Dakar, Sénégal",https://images.coinafrique.com/thumb_3513877_uploaded_image1_1641564259.jpg
Vêtement bébé,5000,"Guediawaye, Dakar, Sénégal",https://images.coinafrique.com/thumb_3512035_uploaded_image1_1641478303.jpg
Pull friperie enfant,0,"Colobane, Dakar, Sénégal",https://images.coinafrique.com/thumb_3502826_uploaded_image1_1640879287.jpg
Ensemble friperie enfant,0,"Colobane, Dakar, Sénégal",https://images.coinafrique.com/thumb_3502825_uploaded_image1_1640879211.jpg
Robe princesse,25000,"Patte d'oie, Dakar, Sénégal",https://images.coinafrique.com/thumb_3495993_uploaded_image1_1640295236.jpg
Jeans enfants,6000,"Patte d'oie, Dakar, Sénégal",https://images.coinafrique.com/thumb_3495990_uploaded_image1_1640295017.jpg
Collant enfant,2000,"Sicap Liberté, Dakar, Sénégal",https://images.coinafrique.com/thumb_3492922_uploaded_image1_1640098024.jpg
Vêtements enfant,1000,"Mermoz-Sacré Coeur, Dakar, Sénégal",https://images.coinafrique.com/thumb_3491313_uploaded_image1_1639999946.jpg
Vêtements garçon 0-24 mois,2500,"Mermoz-Sacré Coeur, Dakar, Sénégal",https://images.coinafrique.com/thumb_3491173_uploaded_image1_1639994016.jpg
Vêtement friperie bébé,20000,"Patte d'oie, Dakar, Sénégal",https://images.coinafrique.com/thumb_3491052_uploaded_image1_1639984599.jpg
Ensembles enfant,4000,"HLM, Dakar, Sénégal",https://images.coinafrique.com/thumb_3490179_uploaded_image2_1639899300.jpeg
Collants enfant - 0 à 24 mois,2000,"Grand Yoff, Dakar, Sénégal",https://images.coinafrique.com/thumb_3488219_uploaded_image1_1639747204.jpg
Ensemble  enfant,6000,"HLM, Dakar, Sénégal",https://images.coinafrique.com/thumb_3487929_uploaded_image1_1639736157.jpg
Vêtement enfant,5000,"Grand Yoff, Dakar, Sénégal",https://images.coinafrique.com/thumb_3483054_uploaded_image1_1639471866.jpg
Robe fille,5000,"Grand Yoff, Dakar, Sénégal",https://images.coinafrique.com/thumb_3480133_uploaded_image1_1639253211.jpg
Vêtements enfants,0,"Mermoz-Sacré Coeur, Dakar, Sénégal",https://images.coinafrique.com/thumb_3475710_uploaded_image1_1639000859.jpg
Vêtements enfants,15000,"Mermoz-Sacré Coeur, Dakar, Sénégal",https://images.coinafrique.com/thumb_3472103_uploaded_image1_1638829619.jpg
Ensemble enfants,25000,"Guediawaye, Dakar, Sénégal",https://images.coinafrique.com/thumb_3470013_uploaded_image1_1638728238.jpg
Pull capuche enfants,0,"Colobane, Dakar, Sénégal",https://images.coinafrique.com/thumb_3468416_uploaded_image1_1638627351.jpg
Vêtement enfants friperie,0,"Colobane, Dakar, Sénégal",https://images.coinafrique.com/thumb_3468413_uploaded_image1_1638627289.jpg
Pull capuche enfants friperie,0,"Colobane, Dakar, Sénégal",https://images.coinafrique.com/thumb_3468409_uploaded_image1_1638627241.jpg
Robe fille,25000,"Dakar, Sénégal",https://images.coinafrique.com/thumb_3467169_uploaded_image1_1638560609.jpg
Robe de cérémonie,25000,"Patte d'oie, Dakar, Sénégal",https://images.coinafrique.com/thumb_3462842_uploaded_image1_1638387220.jpg
Slip  enfant,7000,"Dakar, Sénégal",https://images.coinafrique.com/thumb_3462374_uploaded_image3_1638371268.jpeg
Pantalon enfant,0,"Mermoz-Sacré Coeur, Dakar, Sénégal",https://images.coinafrique.com/thumb_3460818_uploaded_image1_1638313368.jpg
Vêtements enfants,0,"Mermoz-Sacré Coeur, Dakar, Sénégal",https://images.coinafrique.com/thumb_3460815_uploaded_image1_1638313292.jpg
Vêtement enfant,0,"HLM, Dakar, Sénégal",https://images.coinafrique.com/thumb_3460197_uploaded_image1_1638285384.jpg
Vêtements enfants,0,"Medina, Dakar, Sénégal",https://images.coinafrique.com/thumb_3453271_uploaded_image1_1637794848.jpg
Vêtement friperie enfant,0,"Colobane, Dakar, Sénégal",https://images.coinafrique.com/thumb_3447441_uploaded_image2_1637437933.jpeg
Culotte friperie enfants,0,"Colobane, Dakar, Sénégal",https://images.coinafrique.com/thumb_3447436_uploaded_image1_1637437824.jpg
Bonnet bébé,1000,"HLM, Dakar, Sénégal",https://images.coinafrique.com/thumb_3446293_uploaded_image1_1637361506.jpg
Vêtement enfant,5000,"Dakar, Sénégal",https://images.coinafrique.com/thumb_3753646_uploaded_image1_1655912715.jpg
Robes enfant,12000,"Dakar, Sénégal",https://images.coinafrique.com/thumb_3753641_uploaded_image1_1655912626.jpg
Ensemble bébé,4000,"HLM, Dakar, Sénégal",https://images.coinafrique.com/thumb_3768719_uploaded_image1_1656779104.jpg
Vêtement enfant,0,"Mermoz-Sacré Coeur, Dakar, Sénégal",https://images.coinafrique.com/thumb_3786149_uploaded_image1_1657906956.jpg
Peignoirs enfants,8000,"Dakar Plateau, Dakar, Sénégal",https://images.coinafrique.com/thumb_3781038_uploaded_image1_1657571200.jpg
Robes enfants,0,"Mermoz-Sacré Coeur, Dakar, Sénégal",https://images.coinafrique.com/thumb_3778481_uploaded_image1_1657328456.jpg
Ensemble peignoir pour enfants,10000,"Dakar, Sénégal",https://images.coinafrique.com/thumb_3735826_uploaded_image1_1654860349.jpg
Vêtements bébé,6000,"HLM, Dakar, Sénégal",https://images.coinafrique.com/thumb_3768713_uploaded_image1_1656778816.jpg
Robe enfant,0,"Keur Massar, Sénégal",https://images.coinafrique.com/thumb_3761395_uploaded_image3_1656377774.jpeg
Robe enfant,0,"Keur Massar, Sénégal",https://images.coinafrique.com/thumb_3761389_uploaded_image2_1656377165.jpeg
Vêtements enfant,5000,"Dakar, Sénégal",https://images.coinafrique.com/thumb_3718353_uploaded_image1_1653956742.jpg
Robes enfants,15000,"Biscuiterie, Dakar, Sénégal",https://images.coinafrique.com/thumb_3758410_uploaded_image1_1656180793.jpg
Sous vêtements bébé,1500,"Dakar, Sénégal",https://images.coinafrique.com/thumb_3715721_uploaded_image1_1653759789.jpg
Ensemble enfants,3500,"Dakar, Sénégal",https://images.coinafrique.com/thumb_3715720_uploaded_image1_1653759706.jpg
Chemise Elhadji enfant,0,"Dakar, Sénégal",https://images.coinafrique.com/thumb_3754830_uploaded_image2_1655979401.jpeg
Robe enfant,0,"Ouakam, Dakar, Sénégal",https://images.coinafrique.com/thumb_3752169_uploaded_image1_1655824879.jpg
Robe enfant,0,"Ouakam, Dakar, Sénégal",https://images.coinafrique.com/thumb_3752164_uploaded_image1_1655824806.jpg
Robe broderie enfant,0,"Ouakam, Dakar, Sénégal",https://images.coinafrique.com/thumb_3752161_uploaded_image1_1655824706.jpg
Boubou tabaski fil a fil Getzner,8000,"Ouakam, Dakar, Sénégal",https://images.coinafrique.com/thumb_3748327_uploaded_image1_1655569010.jpg
Boubou enfants  0 à 5ans,8000,"Ouakam, Dakar, Sénégal",https://images.coinafrique.com/thumb_3748323_uploaded_image1_1655568941.jpg
Grenouillère,4000,"HLM, Dakar, Sénégal",https://images.coinafrique.com/thumb_3696815_uploaded_image1_1652610668.jpg
Habits bébé,5000,"HLM, Dakar, Sénégal",https://images.coinafrique.com/thumb_3696811_uploaded_image1_1652610569.jpg
Ensemble jupe + taille basse,13000,"Ouakam, Dakar, Sénégal",https://images.coinafrique.com/thumb_3737365_uploaded_image1_1654951147.jpg
Ensemble femme,13000,"Ouakam, Dakar, Sénégal",https://images.coinafrique.com/thumb_3737301_uploaded_image1_1654947992.jpg
Boubou Magnum Gold enfant,15000,"Ouakam, Dakar, Sénégal",https://images.coinafrique.com/thumb_3737294_uploaded_image1_1654947755.jpg
Friperie enfants,0,"Colobane, Dakar, Sénégal",https://images.coinafrique.com/thumb_3733511_uploaded_image1_1654724106.jpg
Vêtement enfants,0,"Mermoz-Sacré Coeur, Dakar, Sénégal",https://images.coinafrique.com/thumb_3729543_uploaded_image1_1654534141.jpg
Vêtements bébé,6000,"Keur Massar, Sénégal",https://images.coinafrique.com/thumb_3729345_uploaded_image3_1654526905.jpeg
Pantalon enfant,6000,"Dakar, Sénégal",https://images.coinafrique.com/thumb_3673213_uploaded_image1_1651156015.jpg
Pantalon enfant,6000,"Dakar, Sénégal",https://images.coinafrique.com/thumb_3673212_uploaded_image1_1651155978.jpg
Pantalon enfant,6000,"Dakar, Sénégal",https://images.coinafrique.com/thumb_3673203_uploaded_image1_1651155807.jpg
Pantalon enfant,6000,"Dakar, Sénégal",https://images.coinafrique.com/thumb_3673206_uploaded_image1_1651155861.jpg
Pantalon enfant,6000,"Dakar, Sénégal",https://images.coinafrique.com/thumb_3673211_uploaded_image1_1651155934.jpg
Caleçon enfant,2000,"Colobane, Dakar, Sénégal",https://images.coinafrique.com/thumb_3712737_uploaded_image3_1653571946.jpeg
Vêtements enfants,15000,"Hann Bel-Air, Dakar, Sénégal",https://images.coinafrique.com/thumb_3672756_uploaded_image1_1651141428.jpg
Robes de fête,0,"Hann Bel-Air, Dakar, Sénégal",https://images.coinafrique.com/thumb_3672032_uploaded_image1_1651083312.jpg
Pulls enfants,6000,"Hann Bel-Air, Dakar, Sénégal",https://images.coinafrique.com/thumb_3671743_uploaded_image1_1651068678.jpg
Ensemble enfants,2500,"Dakar, Sénégal",https://images.coinafrique.com/thumb_3707988_uploaded_image1_1653309121.jpg
Robes enfants,12000,"HLM, Dakar, Sénégal",https://images.coinafrique.com/thumb_3704629_uploaded_image1_1653065510.jpg
Robes enfants,12000,"HLM, Dakar, Sénégal",https://images.coinafrique.com/thumb_3704614_uploaded_image1_1653065088.jpg
Ensemble enfants,7500,"Dakar, Sénégal",https://images.coinafrique.com/thumb_3662746_uploaded_image1_1650485578.jpg
Robe enfant,4000,"Guediawaye, Dakar, Sénégal",https://images.coinafrique.com/thumb_3688104_uploaded_image1_1652108689.jpg
Ensemble bébé coton,4000,"Rufisque, Sénégal",https://images.coinafrique.com/thumb_3686501_uploaded_image1_1652014242.jpg
Robe princesse fille,5000,"Rufisque, Sénégal",https://images.coinafrique.com/thumb_3686470_uploaded_image1_1652012110.jpg
Sous-vêtements garçon coton - 2 pièces,2000,"Mermoz-Sacré Coeur, Dakar, Sénégal",https://images.coinafrique.com/thumb_3633973_uploaded_image1_1648897973.jpg
Sous-vêtement fille - 2 pièces,2000,"Mermoz-Sacré Coeur, Dakar, Sénégal",https://images.coinafrique.com/thumb_3633963_uploaded_image1_1648897720.jpg
Robe enfant princesse,30000,"Dakar, Sénégal",https://images.coinafrique.com/thumb_3664445_uploaded_image2_1650586926.jpeg
Ensemble enfant,4000,"HLM, Dakar, Sénégal",https://images.coinafrique.com/thumb_3663950_uploaded_image3_1650558634.jpeg
Grenouillère bébé,40000,"HLM, Dakar, Sénégal",https://images.coinafrique.com/thumb_3663943_uploaded_image1_1650558284.jpg
Djellaba enfant,15000,"Grand Dakar, Dakar, Sénégal",https://images.coinafrique.com/thumb_3663604_uploaded_image1_1650545798.jpg
Robe enfant,12000,"Biscuiterie, Dakar, Sénégal",https://images.coinafrique.com/thumb_3663325_uploaded_image1_1650536012.jpg
Robe enfant,12000,"Biscuiterie, Dakar, Sénégal",https://images.coinafrique.com/thumb_3661262_uploaded_image1_1650410534.jpg
Ensemble Short enfant,7000,"Dakar, Sénégal",https://images.coinafrique.com/thumb_3661238_uploaded_image1_1650409347.jpg
Robe enfant,12000,"Biscuiterie, Dakar, Sénégal",https://images.coinafrique.com/thumb_3661021_uploaded_image1_1650399677.jpg
Robes enfant,5000,"Rufisque, Sénégal",https://images.coinafrique.com/thumb_3659985_uploaded_image2_1650360548.jpeg
Bas collant bébé,1000,"Sicap Liberté, Dakar, Sénégal",https://images.coinafrique.com/thumb_3659847_uploaded_image1_1650350885.jpg
Ensemble enfant,4000,"Dakar, Sénégal",https://images.coinafrique.com/thumb_3622517_uploaded_image1_1648156996.jpg
Habits enfant,5000,"Dakar, Sénégal",https://images.coinafrique.com/thumb_3622516_uploaded_image1_1648156919.jpg
Ensemble enfant,8000,"Dakar, Sénégal",https://images.coinafrique.com/thumb_3622512_uploaded_image1_1648156796.jpg
Jeans enfant,5000,"Dakar, Sénégal",https://images.coinafrique.com/thumb_3622513_uploaded_image1_1648156860.jpg
Robe fille,12000,"Biscuiterie, Dakar, Sénégal",https://images.coinafrique.com/thumb_3659452_uploaded_image1_1650315963.jpg
Robe enfant,15000,"Biscuiterie, Dakar, Sénégal",https://images.coinafrique.com/thumb_3658083_uploaded_image1_1650227180.jpg
Robe enfant,8000,"Ouakam, Dakar, Sénégal",https://images.coinafrique.com/thumb_3654419_uploaded_image1_1649975338.jpg
Ensemble 3 pièces enfant,15000,"Ouakam, Dakar, Sénégal",https://images.coinafrique.com/thumb_3654415_uploaded_image1_1649975242.jpg
Robe enfant,5000,"Ouakam, Dakar, Sénégal",https://images.coinafrique.com/thumb_3654413_uploaded_image1_1649975177.jpg
Robe de prière + hijab intégré,3000,"Sicap Liberté, Dakar, Sénégal",https://images.coinafrique.com/thumb_3654182_uploaded_image1_1649961822.jpg
Robe enfant - 0 à 3ans,12000,"Ouakam, Dakar, Sénégal",https://images.coinafrique.com/thumb_3651240_uploaded_image1_1649808230.jpg
Boubou fille,12000,"Ouakam, Dakar, Sénégal",https://images.coinafrique.com/thumb_3651237_uploaded_image1_1649808047.jpg
Boubous enfants en bazin,10000,"Ouakam, Dakar, Sénégal",https://images.coinafrique.com/thumb_3649632_uploaded_image1_1649723814.jpg
Robe enfant,0,"Dakar, Sénégal",https://images.coinafrique.com/thumb_3648076_uploaded_image1_1649645654.jpg
Maillots enfant,5000,"Dakar, Sénégal",https://images.coinafrique.com/thumb_3646687_uploaded_image1_1649538934.jpg
Boubou fille,15000,"Ouakam, Dakar, Sénégal",https://images.coinafrique.com/thumb_3646258_uploaded_image1_1649515617.jpg
Ensemble enfant,8000,"Dakar, Sénégal",https://images.coinafrique.com/thumb_3607921_uploaded_image1_1647265445.jpg
Ensemble enfant,8000,"Dakar, Sénégal",https://images.coinafrique.com/thumb_3607932_uploaded_image1_1647265679.jpg
Boubou fille,0,"Ouakam, Dakar, Sénégal",https://images.coinafrique.com/thumb_3643965_uploaded_image1_1649372776.jpg
Boubou enfant 3 pièces,15000,"Ouakam, Dakar, Sénégal",https://images.coinafrique.com/thumb_3643960_uploaded_image1_1649372669.jpg
Maillots enfant,5000,"Dakar, Sénégal",https://images.coinafrique.com/thumb_3643824_uploaded_image1_1649366012.jpg
Slips fille,5500,"Parcelle Assainies, Dakar, Sénégal",https://images.coinafrique.com/thumb_3643614_uploaded_image1_1649354564.jpg
Vêtement friperie enfant,0,"Sicap foire, Dakar, Sénégal",https://images.coinafrique.com/thumb_3638582_uploaded_image2_1649141754.jpeg
Boubou enfant - 3 pièces,10000,"Ouakam, Dakar, Sénégal",https://images.coinafrique.com/thumb_3638243_uploaded_image1_1649111803.jpg
Combinaison enfant,4000,"Colobane, Dakar, Sénégal",https://images.coinafrique.com/thumb_3638113_uploaded_image1_1649106100.jpg
Ensemble enfant,0,"Colobane, Dakar, Sénégal",https://images.coinafrique.com/thumb_3638107_uploaded_image1_1649106005.jpg
Ensemble enfant,0,"Colobane, Dakar, Sénégal",https://images.coinafrique.com/thumb_3638104_uploaded_image1_1649105955.jpg
Robe enfant,6000,"HLM, Dakar, Sénégal",https://images.coinafrique.com/thumb_3637687_uploaded_image3_1649089537.jpeg
Friperie peignoir enfants,3000,"Colobane, Dakar, Sénégal",https://images.coinafrique.com/thumb_4072972_uploaded_image1_1675197339.jpg
Friperie enfants,6000,"Colobane, Dakar, Sénégal",https://images.coinafrique.com/thumb_4072971_uploaded_image1_1675197283.jpg
Vêtements enfants,8500,"Colobane, Dakar, Sénégal",https://images.coinafrique.com/thumb_4034624_uploaded_image1_1672861115.jpg
Vêtements enfant,8000,"Colobane, Dakar, Sénégal",https://images.coinafrique.com/thumb_4033667_uploaded_image1_1672829952.jpg
Vêtements enfants,8000,"Colobane, Dakar, Sénégal",https://images.coinafrique.com/thumb_4033672_uploaded_image1_1672830064.jpg
Ensemble enfants,7000,"Dakar Plateau, Dakar, Sénégal",https://images.coinafrique.com/thumb_4028243_uploaded_image1_1672407438.jpg
Vêtements  enfant,1000,"Almadies, Dakar, Sénégal",https://images.coinafrique.com/thumb_4061049_uploaded_image1_1674420676.jpg
Vêtements enfants,1000,"Almadies, Dakar, Sénégal",https://images.coinafrique.com/thumb_4061042_uploaded_image1_1674420399.jpg
Fliperies enfants,500,"Almadies, Dakar, Sénégal",https://images.coinafrique.com/thumb_4061027_uploaded_image1_1674419234.jpg
Ensemble enfants,3000,"Thies, Sénégal",https://images.coinafrique.com/thumb_4054351_uploaded_image1_1673991497.jpg
Ensemble enfant,8000,"Dakar Plateau, Dakar, Sénégal",https://images.coinafrique.com/thumb_4011467_uploaded_image1_1671194364.jpg
Ensemble enfant,0,"Dakar Plateau, Dakar, Sénégal",https://images.coinafrique.com/thumb_4010007_uploaded_image1_1671112400.jpg
Blouson enfant,0,"Colobane, Dakar, Sénégal",https://images.coinafrique.com/thumb_3997872_uploaded_image1_1670412272.jpg
Blouson enfant,0,"Colobane, Dakar, Sénégal",https://images.coinafrique.com/thumb_3996986_uploaded_image1_1670352146.jpg
Ensemble enfants,8000,"Dakar Plateau, Dakar, Sénégal",https://images.coinafrique.com/thumb_3993222_uploaded_image1_1670158523.jpg
Ensemble enfants,8000,"Dakar Plateau, Dakar, Sénégal",https://images.coinafrique.com/thumb_3992649_uploaded_image1_1670106947.jpg
T-shirts enfants,0,"Dakar Plateau, Dakar, Sénégal",https://images.coinafrique.com/thumb_3985573_uploaded_image1_1669758455.jpg
Ensemble enfant,7000,"Dakar Plateau, Dakar, Sénégal",https://images.coinafrique.com/thumb_3980382_uploaded_image1_1669402241.jpg
Ensemble velours enfant,7500,"Colobane, Dakar, Sénégal",https://images.coinafrique.com/thumb_3981018_uploaded_image1_1669456009.jpg
Ensemble en velours,7500,"Colobane, Dakar, Sénégal",https://images.coinafrique.com/thumb_3980114_uploaded_image1_1669389815.jpg
Habits enfants,3000,"Bambey, Sénégal",https://images.coinafrique.com/thumb_4010206_uploaded_image1_1671121329.jpg
Ensemble enfant,8000,"Dakar Plateau, Dakar, Sénégal",https://images.coinafrique.com/thumb_3963440_uploaded_image1_1668361934.jpg
Ensemble enfant,8000,"Dakar Plateau, Dakar, Sénégal",https://images.coinafrique.com/thumb_3963439_uploaded_image1_1668361869.jpg
Ensemble enfant friperie,1000,"Colobane, Dakar, Sénégal",https://images.coinafrique.com/thumb_4000087_uploaded_image1_1670513612.jpg
Pull enfant friperie,0,"Colobane, Dakar, Sénégal",https://images.coinafrique.com/thumb_4000076_uploaded_image2_1670513327.jpeg
Maillots Sénégal enfants,10000,"Dieuppeul-Derklé, Dakar, Sénégal",https://images.coinafrique.com/thumb_3991237_uploaded_image1_1670029654.jpg
Ensemble Robe enfants,28000,"Dakar, Sénégal",https://images.coinafrique.com/thumb_3990865_uploaded_image1_1670005692.jpg
Costume garçon,27000,"Dakar, Sénégal",https://images.coinafrique.com/thumb_3990863_uploaded_image1_1670005513.jpg
Costume garçon,28000,"Dakar, Sénégal",https://images.coinafrique.com/thumb_3990860_uploaded_image1_1670005358.jpg
Vêtements enfant,0,"Guediawaye, Dakar, Sénégal",https://images.coinafrique.com/thumb_3981315_uploaded_image1_1669469071.jpg
Vêtements Enfant,0,"Dakar, Sénégal",https://images.coinafrique.com/thumb_3933191_uploaded_image1_1666560773.jpg
Vêtements friperies  enfant,0,"Colobane, Dakar, Sénégal",https://images.coinafrique.com/thumb_3968398_uploaded_image1_1668639636.jpg
Maillots Sénégal enfant,10000,"Dieuppeul-Derklé, Dakar, Sénégal",https://images.coinafrique.com/thumb_3954905_uploaded_image1_1667839511.jpg
Ensemble enfants,8500,"Dakar, Sénégal",https://images.coinafrique.com/thumb_3913283_uploaded_image1_1665352048.jpg
Vêtements enfants,0,"Dakar, Sénégal",https://images.coinafrique.com/thumb_3913279_uploaded_image1_1665351880.jpg
Ensembles pull  enfants,4000,"Cambérène, Dakar, Sénégal",https://images.coinafrique.com/thumb_3941399_uploaded_image1_1667092572.jpg
Polo pour enfants,8500,"Dakar, Sénégal",https://images.coinafrique.com/thumb_3883008_uploaded_image1_1663536149.jpg
Robes  enfant,9000,"Medina, Dakar, Sénégal",https://images.coinafrique.com/thumb_3919617_uploaded_image1_1665702485.jpg
Vêtements enfant,10000,"Medina, Dakar, Sénégal",https://images.coinafrique.com/thumb_3919579_uploaded_image1_1665700272.jpg
Grenouillères,2000,"Medina, Dakar, Sénégal",https://images.coinafrique.com/thumb_3919556_uploaded_image2_1665704351.jpeg
Polos enfants,5000,"Dakar, Sénégal",https://images.coinafrique.com/thumb_3913936_uploaded_image1_1665405195.jpg
Grenouillère,7500,"Dakar, Sénégal",https://images.coinafrique.com/thumb_3913465_uploaded_image3_1665377950.jpeg
Coffret nouveaux née,10000,"Dakar, Sénégal",https://images.coinafrique.com/thumb_3913427_uploaded_image1_1665364741.jpg
Ensemble Robe Turquie,11000,"Dakar, Sénégal",https://images.coinafrique.com/thumb_3913424_uploaded_image1_1665364359.jpg
Peignoir bébé,9000,"HLM, Dakar, Sénégal",https://images.coinafrique.com/thumb_3861861_uploaded_image1_1662248159.jpg
Ensembles enfants,7000,"Parcelle Assainies, Dakar, Sénégal",https://images.coinafrique.com/thumb_3899030_uploaded_image1_1664501471.jpg
Ensemble enfants,6500,"Parcelle Assainies, Dakar, Sénégal",https://images.coinafrique.com/thumb_3899029_uploaded_image1_1664501377.jpg
Accessoires et vetements bébé,0,"HLM, Dakar, Sénégal",https://images.coinafrique.com/thumb_3858243_uploaded_image1_1662081635.jpg
Ensemble  3 pièces enfants,16000,"Dakar, Sénégal",https://images.coinafrique.com/thumb_3895855_uploaded_image1_1664312610.jpg
Barboteuse,6000,"Dakar, Sénégal",https://images.coinafrique.com/thumb_3874861_uploaded_image1_1662992831.jpg
Pantalon,5000,"Dakar, Sénégal",https://images.coinafrique.com/thumb_3874843_uploaded_image1_1662992214.jpg
Vêtements enfant,16000,"Dakar, Sénégal",https://images.coinafrique.com/thumb_3886071_uploaded_image2_1663709027.jpeg
Ensemble enfants,0,"Dakar, Sénégal",https://images.coinafrique.com/thumb_3836735_uploaded_image1_1660867040.jpg
Ensemble enfants,5000,"Dakar, Sénégal",https://images.coinafrique.com/thumb_3829807_uploaded_image1_1660481871.jpg
Ensemble enfants,5500,"Dakar, Sénégal",https://images.coinafrique.com/thumb_3826455_uploaded_image1_1660258744.jpg
Vêtements bébé fille,3000,"Keur Massar, Sénégal",https://images.coinafrique.com/thumb_3871259_uploaded_image1_1662747991.jpg
Vêtements bébé,3000,"Keur Massar, Sénégal",https://images.coinafrique.com/thumb_3871253_uploaded_image1_1662747853.jpg
Vêtements enfant,5500,"Dakar, Sénégal",https://images.coinafrique.com/thumb_3818666_uploaded_image1_1659825338.jpg
Costumes héros,0,"Almadies, Dakar, Sénégal",https://images.coinafrique.com/thumb_3862904_uploaded_image1_1662326635.jpg
Robe d’anniversaire fille,10000,"Dakar Plateau, Dakar, Sénégal",https://images.coinafrique.com/thumb_3853493_uploaded_image1_1661883220.jpg
Robe d’anniversaire fille,7000,"Dakar Plateau, Dakar, Sénégal",https://images.coinafrique.com/thumb_3853488_uploaded_image1_1661883039.jpg
Ensemble bandeaux chaussettes,1500,"Dakar, Sénégal",https://images.coinafrique.com/thumb_3813301_uploaded_image1_1659543149.jpg
Barboteuse,5000,"Dakar, Sénégal",https://images.coinafrique.com/thumb_3813274_uploaded_image1_1659542533.jpg
Boubou bazin riche,0,"Mermoz-Sacré Coeur, Dakar, Sénégal",https://images.coinafrique.com/thumb_3808232_uploaded_image1_1659347593.jpg
Dessous enfants,0,"Mermoz-Sacré Coeur, Dakar, Sénégal",https://images.coinafrique.com/thumb_3848809_uploaded_image1_1661581124.jpg
Vêtements bébé,3000,"HLM, Dakar, Sénégal",https://images.coinafrique.com/thumb_3841152_uploaded_image1_1661173639.jpg
Vêtements bébé,6000,"HLM, Dakar, Sénégal",https://images.coinafrique.com/thumb_3841108_uploaded_image1_1661172378.jpg
Vêtements enfants,0,"Guediawaye, Dakar, Sénégal",https://images.coinafrique.com/thumb_3831624_uploaded_image1_1660600357.jpg
Habits enfants,3000,"Dakar, Sénégal",https://images.coinafrique.com/thumb_3785558_uploaded_image1_1657883008.jpg
Robe petite fille,8000,"Dakar, Sénégal",https://images.coinafrique.com/thumb_3785563_uploaded_image1_1657883218.jpg
Jeans enfants,8000,"Dakar, Sénégal",https://images.coinafrique.com/thumb_3785562_uploaded_image1_1657883147.jpg
Vêtements enfants,8000,"Dakar, Sénégal",https://images.coinafrique.com/thumb_3785559_uploaded_image1_1657883070.jpg
Habits enfants,7000,"Dakar, Sénégal",https://images.coinafrique.com/thumb_3785557_uploaded_image1_1657882962.jpg
Robe d'été enfants,2000,"Dakar, Sénégal",https://images.coinafrique.com/thumb_3825327_uploaded_image1_1660216212.jpg
Ensembles enfants,0,"Dakar, Sénégal",https://images.coinafrique.com/thumb_3778201_uploaded_image1_1657304423.jpg
Ensemble enfants,0,"Dakar, Sénégal",https://images.coinafrique.com/thumb_3775607_uploaded_image1_1657150534.jpg
Vêtement enfant,0,"Mermoz-Sacré Coeur, Dakar, Sénégal",https://images.coinafrique.com/thumb_3799617_uploaded_image1_1658807678.jpg
Costume garçon  - 4 pièces,27000,"Dakar, Sénégal",https://images.coinafrique.com/thumb_3795696_uploaded_image1_1658520434.jpg
Maillots Sénégal  enfant,10000,"Dieuppeul-Derklé, Dakar, Sénégal",https://images.coinafrique.com/thumb_3794471_uploaded_image1_1658452420.jpg
Protège-tête,0,"Patte d'oie, Dakar, Sénégal",https://images.coinafrique.com/thumb_3794079_uploaded_image1_1658423773.jpg
Robe enfant,8000,"Dakar, Sénégal",https://images.coinafrique.com/thumb_3754887_uploaded_image1_1655981354.jpg
Robe enfant,7000,"Dakar, Sénégal",https://images.coinafrique.com/thumb_3754885_uploaded_image1_1655981294.jpg
Robe enfant,8000,"Dakar, Sénégal",https://images.coinafrique.com/thumb_3754884_uploaded_image1_1655981242.jpg
Robe enfant,8000,"Dakar, Sénégal",https://images.coinafrique.com/thumb_3754882_uploaded_image1_1655981151.jpg
Polos  Lacoste enfants,4500,"Dakar Plateau, Dakar, Sénégal",https://images.coinafrique.com/thumb_4394815_uploaded_image1_1695942580.jpg
Vêtement enfant,4500,"Dakar Plateau, Dakar, Sénégal",https://images.coinafrique.com/thumb_4394813_uploaded_image1_1695942485.jpg
Jeans  pour enfants,6000,"Colobane, Dakar, Sénégal",https://images.coinafrique.com/thumb_4397937_uploaded_image1_1696183097.jpg
Robe enfant,15000,"Dakar, Sénégal",https://images.coinafrique.com/thumb_4430601_uploaded_image1_1698283193.jpg
Robe de prière enfant,2500,"Dakar, Sénégal",https://images.coinafrique.com/thumb_4421455_uploaded_image1_1697627353.jpg
Bambinerie enfant,0,"Mermoz-Sacré Coeur, Dakar, Sénégal",https://images.coinafrique.com/thumb_4416818_uploaded_image3_1697296868.jpeg
Pantalon pour enfants,2500,"Dakar, Sénégal",https://images.coinafrique.com/thumb_4405127_uploaded_image1_1696582094.jpg
Polo Lacoste enfant,1500,"Dakar, Sénégal",https://images.coinafrique.com/thumb_4405119_uploaded_image1_1696581900.jpg
Ensemble enfant,13000,"Dakar, Sénégal",https://images.coinafrique.com/thumb_4402991_uploaded_image1_1696452237.jpg
Ensemble 2 pièces pour fille,14000,"Dakar, Sénégal",https://images.coinafrique.com/thumb_4402284_uploaded_image1_1696423054.jpg
Vêtements fille,4000,"Dakar Plateau, Dakar, Sénégal",https://images.coinafrique.com/thumb_4350530_uploaded_image1_1692994986.jpg
Short enfant,0,"Colobane, Dakar, Sénégal",https://images.coinafrique.com/thumb_4381693_uploaded_image1_1695062191.jpg
Robe enfant,9300,"Ngor, Dakar, Sénégal",https://images.coinafrique.com/thumb_4342288_uploaded_image1_1692460517.jpg
Vêtements enfants,0,"Colobane, Dakar, Sénégal",https://images.coinafrique.com/thumb_4375138_uploaded_image1_1694611073.jpg
Vêtement enfant,0,"Colobane, Dakar, Sénégal",https://images.coinafrique.com/thumb_4375129_uploaded_image1_1694610764.jpg
Vêtements friperies  enfant,0,"Colobane, Dakar, Sénégal",https://images.coinafrique.com/thumb_4375124_uploaded_image1_1694610661.jpg
Ensemble vêtement enfant,15300,"Ngor, Dakar, Sénégal",https://images.coinafrique.com/thumb_4340725_uploaded_image1_1692365333.jpg
T-shirt,9000,"Ngor, Dakar, Sénégal",https://images.coinafrique.com/thumb_4340716_uploaded_image1_1692364927.jpg
Vêtement enfant,6500,"Dakar Plateau, Dakar, Sénégal",https://images.coinafrique.com/thumb_4333845_uploaded_image1_1691951676.jpg
Vêtement enfants,6500,"Dakar Plateau, Dakar, Sénégal",https://images.coinafrique.com/thumb_4330580_uploaded_image1_1691701473.jpg
Vêtement  enfant,0,"Dakar Plateau, Dakar, Sénégal",https://images.coinafrique.com/thumb_4330576_uploaded_image1_1691701385.jpg
Vêtement enfant,4500,"Dakar Plateau, Dakar, Sénégal",https://images.coinafrique.com/thumb_4327566_uploaded_image1_1691526561.jpg
Maillot enfant,2000,"Thies, Sénégal",https://images.coinafrique.com/thumb_4344836_uploaded_image1_1692651906.jpg
Vêtements enfants,2000,"Colobane, Dakar, Sénégal",https://images.coinafrique.com/thumb_4314416_uploaded_image1_1690724018.jpg
Couette bébé,0,"HLM, Dakar, Sénégal",https://images.coinafrique.com/thumb_4338195_uploaded_image1_1692223604.jpg
Djellaba enfants,8500,"Colobane, Dakar, Sénégal",https://images.coinafrique.com/thumb_4288629_uploaded_image1_1688997320.jpg
Pyjama bébé,6000,"Dakar, Sénégal",https://images.coinafrique.com/thumb_4316063_uploaded_image2_1690843428.jpeg
Culotte Berksha enfant,15000,"Ngor, Dakar, Sénégal",https://images.coinafrique.com/thumb_4304204_uploaded_image1_1690023768.jpg
Vêtements enfants,8000,"Colobane, Dakar, Sénégal",https://images.coinafrique.com/thumb_4268608_uploaded_image1_1687563200.jpg
Vêtements enfants,8000,"Colobane, Dakar, Sénégal",https://images.coinafrique.com/thumb_4268605_uploaded_image1_1687563103.jpg
Vêtements enfants,0,"Colobane, Dakar, Sénégal",https://images.coinafrique.com/thumb_4267930_uploaded_image1_1687524110.jpg
Ensemble pour enfants,10000,"Colobane, Dakar, Sénégal",https://images.coinafrique.com/thumb_4267915_uploaded_image1_1687523597.jpg
Vêtements enfants,8000,"Colobane, Dakar, Sénégal",https://images.coinafrique.com/thumb_4266992_uploaded_image1_1687458981.jpg
Vêtements enfants,7000,"Colobane, Dakar, Sénégal",https://images.coinafrique.com/thumb_4265951_uploaded_image1_1687419299.jpg
Pantalon en coton,6500,"Dakar, Sénégal",https://images.coinafrique.com/thumb_4284180_uploaded_image2_1688677380.jpeg
Hijab enfant,0,"Guediawaye, Dakar, Sénégal",https://images.coinafrique.com/thumb_4280858_uploaded_image1_1688492406.jpg
Robe enfant,0,"Mermoz-Sacré Coeur, Dakar, Sénégal",https://images.coinafrique.com/thumb_4273754_uploaded_image1_1687981649.jpg
Maillots enfants,10000,"Dakar Plateau, Dakar, Sénégal",https://images.coinafrique.com/thumb_4267451_uploaded_image1_1687487532.jpg
Sous vêtements   enfants,13000,"Dakar, Sénégal",https://images.coinafrique.com/thumb_4224162_uploaded_image1_1684629308.jpg
Vêtements friperie enfant,0,"Colobane, Dakar, Sénégal",https://images.coinafrique.com/thumb_4258723_uploaded_image1_1686906445.jpg
Ensemble enfant,0,"Colobane, Dakar, Sénégal",https://images.coinafrique.com/thumb_4258722_uploaded_image3_1686906376.jpeg
Pantalons enfant,0,"Colobane, Dakar, Sénégal",https://images.coinafrique.com/thumb_4258717_uploaded_image2_1686906277.jpeg
Vêtements friperie enfant,0,"Colobane, Dakar, Sénégal",https://images.coinafrique.com/thumb_4258716_uploaded_image1_1686906201.jpg
Vêtements friperie enfant,0,"Colobane, Dakar, Sénégal",https://images.coinafrique.com/thumb_4258714_uploaded_image1_1686906133.jpg
Maillot enfant,0,"Parcelle Assainies, Dakar, Sénégal",https://images.coinafrique.com/thumb_4236342_uploaded_image1_1685480812.jpg
Robes enfant,0,"HLM, Dakar, Sénégal",https://images.coinafrique.com/thumb_4223428_uploaded_image1_1684582026.jpg
Robes enfant,0,"HLM, Dakar, Sénégal",https://images.coinafrique.com/thumb_4223425_uploaded_image3_1684581867.jpeg
Vêtements enfants 3 piéces,12000,"Colobane, Dakar, Sénégal",https://images.coinafrique.com/thumb_4172007_uploaded_image1_1681208524.jpg
Robe enfants,15000,"Colobane, Dakar, Sénégal",https://images.coinafrique.com/thumb_4168633_uploaded_image1_1680958304.jpg
Robe enfants,15000,"Colobane, Dakar, Sénégal",https://images.coinafrique.com/thumb_4168626_uploaded_image1_1680958148.jpg
Vêtements enfants Turquie,20000,"Colobane, Dakar, Sénégal",https://images.coinafrique.com/thumb_4167331_uploaded_image1_1680874307.jpg
Vêtements enfants Turquie,18000,"Colobane, Dakar, Sénégal",https://images.coinafrique.com/thumb_4167321_uploaded_image1_1680873861.jpg
Vêtements enfants Turquie,20000,"Colobane, Dakar, Sénégal",https://images.coinafrique.com/thumb_4167311_uploaded_image1_1680873676.jpg
Vêtement enfant,0,"HLM, Dakar, Sénégal",https://images.coinafrique.com/thumb_4166510_uploaded_image1_1680822103.jpg
Survetmemt pour enfants,1000,"Colobane, Dakar, Sénégal",https://images.coinafrique.com/thumb_4165543_uploaded_image1_1680781784.jpg
Jeans baladeurs enfant,7000,"Colobane, Dakar, Sénégal",https://images.coinafrique.com/thumb_4157493_uploaded_image1_1680338403.jpg
Robe enfants,10000,"Dakar Plateau, Dakar, Sénégal",https://images.coinafrique.com/thumb_4153017_uploaded_image1_1680040477.jpg
Ensemble enfants,4500,"Dakar Plateau, Dakar, Sénégal",https://images.coinafrique.com/thumb_4153014_uploaded_image1_1680040385.jpg
Vêtements enfants,8000,"Colobane, Dakar, Sénégal",https://images.coinafrique.com/thumb_4154892_uploaded_image1_1680171892.jpg
Emsemble coton enfants,8000,"Colobane, Dakar, Sénégal",https://images.coinafrique.com/thumb_4154884_uploaded_image1_1680171641.jpg
Vêtements enfant,9000,"Colobane, Dakar, Sénégal",https://images.coinafrique.com/thumb_4154876_uploaded_image1_1680171312.jpg
Jeans pour enfants garçon,6000,"Colobane, Dakar, Sénégal",https://images.coinafrique.com/thumb_4154870_uploaded_image1_1680171128.jpg
Jeans pour enfants filles,7000,"Colobane, Dakar, Sénégal",https://images.coinafrique.com/thumb_4154864_uploaded_image1_1680170947.jpg
Jeans pour enfants garçon,6000,"Colobane, Dakar, Sénégal",https://images.coinafrique.com/thumb_4154867_uploaded_image1_1680171042.jpg
Robe pour enfants,10000,"Colobane, Dakar, Sénégal",https://images.coinafrique.com/thumb_4154854_uploaded_image1_1680170186.jpg
Cole pour enfants,2000,"Colobane, Dakar, Sénégal",https://images.coinafrique.com/thumb_4126921_uploaded_image1_1678367548.jpg
Vêtement  enfant,0,"HLM, Dakar, Sénégal",https://images.coinafrique.com/thumb_4158777_uploaded_image1_1680396815.jpg
Vêtement enfant,0,"HLM, Dakar, Sénégal",https://images.coinafrique.com/thumb_4158775_uploaded_image1_1680396659.jpg
Vêtement enfant,0,"HLM, Dakar, Sénégal",https://images.coinafrique.com/thumb_4158770_uploaded_image1_1680396418.jpg
Ensemble enfants,5000,"Colobane, Dakar, Sénégal",https://images.coinafrique.com/thumb_4117238_uploaded_image1_1677785061.jpg
Robe enfant,8000,"HLM, Dakar, Sénégal",https://images.coinafrique.com/thumb_4150089_uploaded_image1_1679864882.jpg
Vêtement enfant,10000,"Dakar, Sénégal",https://images.coinafrique.com/thumb_4101121_uploaded_image1_1676811904.jpg
Robes enfants,0,"HLM, Dakar, Sénégal",https://images.coinafrique.com/thumb_4111932_uploaded_image1_1677528700.jpg
Vêtement enfant,5000,"Colobane, Dakar, Sénégal",https://images.coinafrique.com/thumb_4065291_uploaded_image1_1674673177.jpg
Ensemble enfants,8000,"Dakar Plateau, Dakar, Sénégal",https://images.coinafrique.com/thumb_4060125_uploaded_image1_1674340224.jpg
Ensemble enfants,7000,"Dakar Plateau, Dakar, Sénégal",https://images.coinafrique.com/thumb_4044065_uploaded_image1_1673390538.jpg
Vêtements enfant,10000,"Sicap foire, Dakar, Sénégal",https://images.coinafrique.com/thumb_4083613_uploaded_image2_1675754458.jpeg
Ensemble enfant,4000,"Mermoz-Sacré Coeur, Dakar, Sénégal",https://images.coinafrique.com/thumb_4083084_uploaded_image1_1675711069.jpg
Ensemble enfants,0,"HLM, Dakar, Sénégal",https://images.coinafrique.com/thumb_4042129_uploaded_image1_1673293586.jpg
Ensemble enfants,0,"HLM, Dakar, Sénégal",https://images.coinafrique.com/thumb_4042132_uploaded_image1_1673293667.jpg
Ensemble enfants,7000,"Dakar Plateau, Dakar, Sénégal",https://images.coinafrique.com/thumb_4038305_uploaded_image1_1673043715.jpg
Vêtement friperie enfant,6000,"Colobane, Dakar, Sénégal",https://images.coinafrique.com/thumb_4072975_uploaded_image1_1675197514.jpg
Greniers enfants,1000,"Colobane, Dakar, Sénégal",https://images.coinafrique.com/thumb_4072974_uploaded_image1_1675197428.jpg
Friperie enfants,0,"Colobane, Dakar, Sénégal",https://images.coinafrique.com/thumb_4072973_uploaded_image1_1675197383.jpg
Vêtements enfant,0,"Dakar, Sénégal",https://images.coinafrique.com/thumb_4743643_uploaded_image1_1715718710.jpg
Djellaba enfant,12000,"Colobane, Dakar, Sénégal",https://images.coinafrique.com/thumb_4683616_uploaded_image1_1712666779.jpg
Djellaba enfants,15000,"Cambérène, Dakar, Sénégal",https://images.coinafrique.com/thumb_4682806_uploaded_image1_1712615672.jpg
Djellaba enfants,10000,"Cambérène, Dakar, Sénégal",https://images.coinafrique.com/thumb_4682804_uploaded_image1_1712615617.jpg
Djellaba enfants,12500,"Cambérène, Dakar, Sénégal",https://images.coinafrique.com/thumb_4682799_uploaded_image1_1712615352.jpg
Ensemble 3 pièces enfants,10000,"Colobane, Dakar, Sénégal",https://images.coinafrique.com/thumb_4669732_uploaded_image1_1711987098.jpg
Vêtements enfants,6000,"Colobane, Dakar, Sénégal",https://images.coinafrique.com/thumb_4669723_uploaded_image1_1711986941.jpg
Slips pour enfants 2 - 8 ans,6000,"Colobane, Dakar, Sénégal",https://images.coinafrique.com/thumb_4668016_uploaded_image1_1711892538.jpg
Vetement  enfants,10000,"Colobane, Dakar, Sénégal",https://images.coinafrique.com/thumb_4667484_uploaded_image1_1711840999.jpg
Robe enfant,6000,"Cambérène, Dakar, Sénégal",https://images.coinafrique.com/thumb_4666224_uploaded_image1_1711745782.jpg
Ensemble petit garçon,9000,"Dakar, Sénégal",https://images.coinafrique.com/thumb_4709506_uploaded_image1_1713995931.jpg
Ensemble crop top,12000,"Dakar, Sénégal",https://images.coinafrique.com/thumb_4709483_uploaded_image1_1713995121.jpg
Ensemble maillot de bain,9000,"Dakar, Sénégal",https://images.coinafrique.com/thumb_4709459_uploaded_image1_1713994419.jpg
Robes enfants,10000,"Grand Yoff, Dakar, Sénégal",https://images.coinafrique.com/thumb_4667155_uploaded_image1_1711816360.jpg
Robes en basin enfants,10000,"Grand Yoff, Dakar, Sénégal",https://images.coinafrique.com/thumb_4667140_uploaded_image1_1711815203.jpg
Robes basine et brodé enfant,10000,"Grand Yoff, Dakar, Sénégal",https://images.coinafrique.com/thumb_4667139_uploaded_image1_1711815054.jpg
Robes enfant basin et brodé,10000,"Grand Yoff, Dakar, Sénégal",https://images.coinafrique.com/thumb_4667136_uploaded_image1_1711814665.jpg
Vêtements enfants,7000,"Colobane, Dakar, Sénégal",https://images.coinafrique.com/thumb_4659704_uploaded_image1_1711412034.jpg
Ensemble robe enfants,5000,"Colobane, Dakar, Sénégal",https://images.coinafrique.com/thumb_4659695_uploaded_image1_1711411505.jpg
Vêtements enfants,5000,"Colobane, Dakar, Sénégal",https://images.coinafrique.com/thumb_4659699_uploaded_image1_1711411751.jpg
Ensemble pour enfants,5000,"Colobane, Dakar, Sénégal",https://images.coinafrique.com/thumb_4659694_uploaded_image1_1711411367.jpg
Pantalons enfant,6000,"Colobane, Dakar, Sénégal",https://images.coinafrique.com/thumb_4659691_uploaded_image1_1711411286.jpg
Robe Turquie  enfants,7000,"Colobane, Dakar, Sénégal",https://images.coinafrique.com/thumb_4653806_uploaded_image1_1711066086.jpg
Djellaba enfant,6000,"Colobane, Dakar, Sénégal",https://images.coinafrique.com/thumb_4651640_uploaded_image1_1710950622.jpg
Ensemble 3 pièces  enfants,20000,"Colobane, Dakar, Sénégal",https://images.coinafrique.com/thumb_4651598_uploaded_image1_1710949536.jpg
Vetements enfant,10000,"Colobane, Dakar, Sénégal",https://images.coinafrique.com/thumb_4645364_uploaded_image1_1710623336.jpg
Djellaba enfant,13000,"Colobane, Dakar, Sénégal",https://images.coinafrique.com/thumb_4645145_uploaded_image1_1710608095.jpg
Ensemble  enfants,13000,"Colobane, Dakar, Sénégal",https://images.coinafrique.com/thumb_4643810_uploaded_image1_1710528700.jpg
Robe enfant,5000,"Parcelle Assainies, Dakar, Sénégal",https://images.coinafrique.com/thumb_4686601_uploaded_image1_1712843423.jpg
Robe enfant,4000,"Parcelle Assainies, Dakar, Sénégal",https://images.coinafrique.com/thumb_4686597_uploaded_image1_1712843301.jpg
Vêtements enfants,3000,"Parcelle Assainies, Dakar, Sénégal",https://images.coinafrique.com/thumb_4686588_uploaded_image1_1712843043.jpg
Vêtements enfants,1700,"Parcelle Assainies, Dakar, Sénégal",https://images.coinafrique.com/thumb_4686576_uploaded_image1_1712842903.jpg
Vêtements enfants,1500,"Parcelle Assainies, Dakar, Sénégal",https://images.coinafrique.com/thumb_4686563_uploaded_image1_1712842706.jpg
Djellaba enfant,18000,"Colobane, Dakar, Sénégal",https://images.coinafrique.com/thumb_4639600_uploaded_image1_1710311876.jpg
Djellaba enfant,15000,"Colobane, Dakar, Sénégal",https://images.coinafrique.com/thumb_4639590_uploaded_image1_1710311581.jpg
Vêtements enfant,9500,"Dakar, Sénégal",https://images.coinafrique.com/thumb_4677506_uploaded_image1_1712318751.jpg
Djellaba enfants,20000,"Dieuppeul-Derklé, Dakar, Sénégal",https://images.coinafrique.com/thumb_4676613_uploaded_image1_1712271072.jpg
Silip enfants,2500,"Mermoz-Sacré Coeur, Dakar, Sénégal",https://images.coinafrique.com/thumb_4672209_uploaded_image1_1712088527.jpg
Pack Jelleba pour enfant,15000,"Mbao, Dakar, Sénégal",https://images.coinafrique.com/thumb_4655936_uploaded_image1_1711198926.jpg
Djellaba enfant,5000,"Colobane, Dakar, Sénégal",https://images.coinafrique.com/thumb_4608935_uploaded_image1_1708714886.jpg
Robe femme,15000,"Parcelle Assainies, Dakar, Sénégal",https://images.coinafrique.com/thumb_4652500_uploaded_image1_1711013502.jpg
Robe fille,15000,"Medina, Dakar, Sénégal",https://images.coinafrique.com/thumb_4651732_uploaded_image1_1710953991.jpg
Djellaba enfants,12000,"Colobane, Dakar, Sénégal",https://images.coinafrique.com/thumb_4600870_uploaded_image1_1708347775.jpg
Djellaba enfants,12000,"Colobane, Dakar, Sénégal",https://images.coinafrique.com/thumb_4600864_uploaded_image1_1708347454.jpg
Djellaba enfants,12000,"Colobane, Dakar, Sénégal",https://images.coinafrique.com/thumb_4600865_uploaded_image1_1708347569.jpg
Djellaba enfants,12000,"Colobane, Dakar, Sénégal",https://images.coinafrique.com/thumb_4600868_uploaded_image1_1708347690.jpg
Vêtements bébé,0,"Dakar, Sénégal",https://images.coinafrique.com/thumb_4624772_uploaded_image2_1709562313.jpeg
Grenouillère,0,"Dakar, Sénégal",https://images.coinafrique.com/thumb_4623255_uploaded_image2_1709484828.jpeg
Tenue anniversaire enfant,0,"Dakar, Sénégal",https://images.coinafrique.com/thumb_4623058_uploaded_image1_1709473724.jpg
Robes enfant,15000,"Medina, Dakar, Sénégal",https://images.coinafrique.com/thumb_4623032_uploaded_image1_1709472242.jpg
Vêtements enfant,0,"Colobane, Dakar, Sénégal",https://images.coinafrique.com/thumb_4615109_uploaded_image1_1709070529.jpg
Ensemble filles,5000,"Sicap Liberté, Dakar, Sénégal",https://images.coinafrique.com/thumb_4615094_uploaded_image1_1709070182.jpg
Coffret naissance,15000,"Sipres, Dakar, Sénégal",https://images.coinafrique.com/thumb_4608080_uploaded_image1_1708687411.jpg
Robe enfant,9000,"Dieuppeul-Derklé, Dakar, Sénégal",https://images.coinafrique.com/thumb_4607426_uploaded_image1_1708642698.jpg
Grenouillère,3500,"Dieuppeul-Derklé, Dakar, Sénégal",https://images.coinafrique.com/thumb_4606506_uploaded_image1_1708607013.jpg
Pantalon friperie enfants,3000,"Colobane, Dakar, Sénégal",https://images.coinafrique.com/thumb_4604387_uploaded_image1_1708513793.jpg
Pantalon friperie enfants,3000,"Colobane, Dakar, Sénégal",https://images.coinafrique.com/thumb_4604385_uploaded_image1_1708513782.jpg
Pantalon friperie enfants,3000,"Colobane, Dakar, Sénégal",https://images.coinafrique.com/thumb_4604379_uploaded_image1_1708513648.jpg
Pantalon enfant friperie,3000,"Colobane, Dakar, Sénégal",https://images.coinafrique.com/thumb_4604378_uploaded_image1_1708513583.jpg
Blouson enfants,8500,"Colobane, Dakar, Sénégal",https://images.coinafrique.com/thumb_4556181_uploaded_image1_1705852562.jpg
Robe bébé 0 - 9 mois,2000,"Thies, Sénégal",https://images.coinafrique.com/thumb_4588746_uploaded_image1_1707650951.jpg
Vêtements pour bébé,500,"Sicap Liberté, Dakar, Sénégal",https://images.coinafrique.com/thumb_4585357_uploaded_image1_1707428281.jpg
Ensemble blouson pour fille,4000,"Thies, Sénégal",https://images.coinafrique.com/thumb_4577293_uploaded_image1_1707012822.jpg
Vêtement enfant,8500,"Keur Massar, Sénégal",https://images.coinafrique.com/thumb_4571573_uploaded_image1_1706729137.jpg
Vêtement enfant,8500,"Keur Massar, Sénégal",https://images.coinafrique.com/thumb_4571570_uploaded_image1_1706729054.jpg
Vêtement enfant,10000,"Keur Massar, Sénégal",https://images.coinafrique.com/thumb_4571564_uploaded_image1_1706728937.jpg
Vetements  enfants,8000,"Colobane, Dakar, Sénégal",https://images.coinafrique.com/thumb_4519620_uploaded_image1_1703885107.jpg
Ensemble enfant,6000,"Dakar Plateau, Dakar, Sénégal",https://images.coinafrique.com/thumb_4512928_uploaded_image1_1703449636.jpg
Vetement enfants,8000,"Colobane, Dakar, Sénégal",https://images.coinafrique.com/thumb_4510412_uploaded_image1_1703252917.jpg
Vêtements enfants,8000,"Colobane, Dakar, Sénégal",https://images.coinafrique.com/thumb_4510416_uploaded_image1_1703253068.jpg
Blouson pour enfant 4 - 15 ans,8000,"Colobane, Dakar, Sénégal",https://images.coinafrique.com/thumb_4505009_uploaded_image1_1702930372.jpg
Ensemble blouson pour fille,5500,"Thies, Sénégal",https://images.coinafrique.com/thumb_4538922_uploaded_image1_1704933290.jpg
Blouson pour fille,6000,"Almadies, Dakar, Sénégal",https://images.coinafrique.com/thumb_4527014_uploaded_image1_1704375688.jpg
Pull enfant avec capuche,5000,"Thies, Sénégal",https://images.coinafrique.com/thumb_4522850_uploaded_image1_1704190687.jpg
Pull pour enfant,5000,"Thies, Sénégal",https://images.coinafrique.com/thumb_4522837_uploaded_image1_1704190481.jpg
Friperie enfants,0,"Colobane, Dakar, Sénégal",https://images.coinafrique.com/thumb_4517974_uploaded_image2_1703783715.jpeg
Friperie enfants,0,"Colobane, Dakar, Sénégal",https://images.coinafrique.com/thumb_4516547_uploaded_image1_1703706216.jpg
Friperie enfants,0,"Colobane, Dakar, Sénégal",https://images.coinafrique.com/thumb_4513354_uploaded_image3_1703506745.jpeg
Blouson enfant,5000,"Yoff, Dakar, Sénégal",https://images.coinafrique.com/thumb_4511874_uploaded_image1_1703350100.jpg
Blouson enfant,5500,"Yoff, Dakar, Sénégal",https://images.coinafrique.com/thumb_4511870_uploaded_image1_1703349818.jpg
Ensemble enfants 2 - 6ans,8000,"Colobane, Dakar, Sénégal",https://images.coinafrique.com/thumb_4464056_uploaded_image1_1700401019.jpg
Ensemble enfant,0,"Dakar Plateau, Dakar, Sénégal",https://images.coinafrique.com/thumb_4455065_uploaded_image1_1699814184.jpg
Ensemble veste pour enfant,23000,"Dakar, Sénégal",https://images.coinafrique.com/thumb_4479762_uploaded_image1_1701402947.jpg
Slips enfants,7000,"Mermoz-Sacré Coeur, Dakar, Sénégal",https://images.coinafrique.com/thumb_4467057_uploaded_image1_1700591564.jpg
